岗位名称,公司,类型,地区,日薪最小值,日薪均值,日薪最大值,每周最少工作天数,最短工作月数,职位描述关键词,截止日期,是否一线城市,是否含有sql,是否含有excel,是否含有python,是否含有spss,是否有本科要求
数据分析,柠檬微趣,数据库,北京,150,200,250,3,3,SQL 数据 保证数据 数据组织 维护 脚本语言 ETLpipeline bash shell 暑期 开发 统计分析 导入 实习 精通 查询 职位 任职 职责 优先,2018/6/10,1,1,0,0,0,0
数据分析,柠檬微趣,数据库,北京,200,250,300,4,2,SQL 数据 保证数据 数据组织 维护 脚本语言 ETL pipeline 统招 bash shell 岗位职责 开发 以上学历 统计分析 导入 本科 精通 查询 任职,2018/6/12,1,1,0,0,0,1
数据分析,科锐国际,医药,成都,250,325,400,5,12,语言 sas java 或者 熟悉 考虑 可以,2018/6/15,0,0,0,0,0,0
数据分析,滔搏运动,商务,上海,120,130,140,5,10,收集 认真细致 整理 岗位职责 大四 归档 以上学历 大专 大三 能力 相关 大区 汇总 岗位 所属 主管 协助 沟通 定期 合同,2018/6/5,1,0,0,0,0,0
数据分析,滴滴出行,云计算/大数据,全国,200,230,260,4,3,实习 数据分析 熟练 实习生 分析 数据挖掘 熟悉 主动 直招 自驱 表达清晰 学有 linux shell Python Pandas Tableau BI hadoop hive,2018/7/1,0,0,0,1,0,0
数据分析,私募排排网,金融,深圳,120,160,200,5,4,净值 产品 对接 负责 数据 配合 完整性 人物 人员 沟通 私募 包含 做好 岗位职责 期货 以上学历 公司 及时性 谈吐 联系方式,2018/6/8,1,0,0,0,0,0
数据分析,看电影了没,数据挖掘,武汉,120,160,200,5,3,薪资 福利待遇 实习 办公 舒适 转正 补加 真人秀 专业英语 SPSS Excel 六险 一金 饭补 躲进 Youtube 微信 微博 团队精神 自由,2018/6/30,0,0,1,0,1,0
数据分析,GroupM,分析/调研,上海,79,80,81,3,5,Media 数据处理 intern will Data Analytics Service team mainly help Campaign database mapping management Requirement Detail orientated responsible willingness learn2,2018/6/13,1,0,0,0,0,0
数据分析,便利蜂,算法,北京,200,250,300,4,5,业务 数据 提取 能力 分析 物流 数据报表 电商 KPI 985 211 SQL Python 管理决策 提升 熟练掌握 逻辑思维 数据分析 提出 统计学,2018/9/22,1,1,0,1,0,0
数据分析,古道咨询,财会,上海,180,220,260,5,8,统计 报表 工作 能力 分析 专业本科 office 岗位职责 对账 负责 抗压 以上学历 逻辑思维 及时处理 相关 数据 上级领导 核对 要求 熟练,2018/6/24,1,0,0,0,0,1
数据分析,古道咨询,算法,上海,180,218.5,257,5,8,统计 报表 工作 能力 分析 专业本科 office 岗位职责 对账 负责 抗压 以上学历 逻辑思维 及时处理 相关 数据 上级领导 核对 要求 熟练,2018/6/24,1,0,0,0,0,1
数据分析,百度,市场,北京,80,90,100,5,3,数据 业务 职责 能力 团队 具备 提供数据 负责 销售策略 抗压 结合 大学本科 收集整理 建模 管理科学 深入分析 指标体系 业务部门 敏感度 海量,2018/6/28,1,0,0,0,0,1
数据分析,中精科技,投资,南京,100,105,110,5,14,实习 工作 职位 2019 数据录入 暑期 社群 接受 客服 毕业生 转正 运营 毕业 维护 简单 参与 行情 部门 内容 长期,2018/6/17,0,0,0,0,0,0
数据分析,TBS,软件,南京,115,132.5,150,3,3,营销 品牌 Python 咨询师 市场营销 数据分析 相关 数据处理 社交 统计学 工作 做过 职位 协助 三天 机器 一周 数学 办公室 传播,2018/6/5,0,0,0,1,0,0
数据分析,日立研发,软件,上海,140,170,200,4,3,数据分析 使用 实习期 EXCEL PYTHON 数据处理 熟练 编写 职位 职责 进行 软件 辅助 研发 大于 通用 程序 专业 掌握 快速,2018/6/21,1,0,0,1,0,0
数据分析,云克网络科技,运营,北京,150,165,180,5,7,查询 数据 沟通 运营 计算机专业 应届生 EXCEL 岗位职责 大学本科 熟练掌握 以上学历 客户关系 统计分析 能力 维系 汇总 透视 报表 岗位 优先,2018/7/31,1,0,0,0,0,1
数据分析,人人车,分析/调研,北京,100,125,150,5,3,业务 用户 数据分析 指标 优先 分析 数据 输出 痛点 统招 211 985 2018 2019 结合点 体系 可用性 需求方 以上学历 指标体系,2018/8/9,1,0,0,0,0,0
数据分析,惟容广告,咨询,上海,100,125,150,5,4,总监 项目 研究 要求 专业 理工类 收集整理 以上学历 数据资料 交办 报告 敏感度 领悟 工作岗位 坚韧 本科 踏实 工作 楼盘 撰写,2018/6/6,1,0,0,0,0,1
数据分析,时光数据工作坊,用户研究,上海,100,150,200,5,12,数据 能力 工作 行业 研究 电商 专业本科 艾瑞易观 良好 工作进度 以上学历 独立思考 语言表达 责任心 敏感度 海量 洞察 项目 分析 问卷,2018/6/30,1,0,0,0,0,1
市场数据分析实习生/亚马逊数据分析师,优品无疆,分析/调研,深圳,200,250,300,5,3,业务部 数据分析 办公 30 00 文娱 规定 分析 公司 负责 薪酬 竞争对手 假期 月度 亦可 待遇 享有 年休假 坂田 调薪,2018/6/12,1,0,0,0,0,0
数据分析工程师,中广核俊尔,质量,温州,130,145,160,6,4,负责 检测工具 检测 化工类 建模 应届 本科 成品 追踪 反馈 毕业生 鉴定 几种 公司 沟通 协调 专业 掌握 化学 客户,2018/6/14,0,0,0,0,0,1
数据分析师,趣加电子竞技俱乐部,软件,上海,100,125,150,3,3,游戏 数据 各种 逻辑 评估 业务 数学 产品 策略 问题 量化 岗位 驱动 经济学 优化 模型 战队 专业 战斗 电子竞技,2018/6/15,1,0,0,0,0,0
数据分析师,国德网络,商务,上海,180,225,270,5,20,数据 优先 相关 向本 Excel 及时 负责 以上学历 大专 业务部门 数据分析 分析 核对 表格 统计学 图表 使用 熟练 工作 管理人员,2018/6/13,1,0,1,0,0,0
数据分析师,精锐教育,分析/调研,北京,180,190,200,6,3,数据 运营 业务 分析 相关 岗位 能力 善于 沟通 数据模型 痛点 业务学习 本科学历 SQL Excel PPT 会建 岗位职责 提供数据 抗压,2018/6/16,1,1,1,0,0,1
数据分析员,家乐福,快消,上海,150,200,250,5,6,岗位 能力 分析 数据 及时 提供数据 留用 独立思考 应届 备注 数据分析 相关 敏感性 报表 协作 类别 毕业生 亦可 提交 优先,2018/6/11,1,0,0,0,0,0
数据分析师,福利金融,数据挖掘,广州,90,105,120,5,8,数据 统计 工作 业务 自我 office 热爱工作 岗位职责 勤恳 以上学历 逻辑思维 敬业 应届 完成 专科 核对 乐于 熟练 报表 毕业生,2018/6/30,1,0,0,0,0,0
数据分析专员,伽蓝集团,销售支持,上海,80,90,100,5,3,数据系统 负责 销售 日常 更新 office 良好 系统故障 逻辑思维 积极主动 能力 数据 熟练 细心 报表 工作 做事 办公 任职 电脑,2018/6/12,1,0,0,0,0,0
数据分析员,耘蜂语,金融,广州,100,125,150,4,5,金融 能力 分析 高校 投资 数据 具备 实习 优先 交易 培训 团队 菁英 专业 证者 聚英 统招 投顾 A股 创业项目,2018/6/9,1,0,0,0,0,0
数据分析助理,瀚农网络,产品运营,广州,60,90,120,5,6,数据分析 能力 数据 负责 工作 严谨 实习生 意识 整理 Excel 学习 统计 进行 全职 表达能力 以上学历 大专 软件系统 逻辑思维 思考问题,2018/6/12,1,0,1,0,0,0
大数据分析,得迈科技,云计算/大数据,天津,50,55,60,3,8,优先 数据分析 职位 数据 双休 基于 数据挖掘 数据模型 理解 对大 SQL python Hadoop Hive Kylin 30 16 00 快速 浓厚兴趣,2018/12/10,0,1,0,1,0,0
数据分析助理,斯达领科,分析/调研,深圳,150,175,200,5,4,数据分析 数据 分析 站点 良好 报表 编写 销售 挖掘 善于 总结 专业 多维度 工具 规律 异常 Tableau SPSS SAS EXCEL,2018/6/30,1,0,0,0,1,0
数据分析师,第一财经,咨询/顾问,上海,100,110,120,3,6,团队 优先 协助 实习 数据分析 洞察 数据库 分析师 岗位 能力 收集 相关 日常 行业 行业资讯 优秀 具备 写作能力 电商 2018,2018/6/14,1,0,0,0,0,0
数据分析师,食行生鲜,生产,苏州,100,150,200,5,3,优先 人才 专业 品行端正 管培生 2018 及远超 对食 行生 自驱型 公司 独立思考 求职者 应届 了解 服务型 责任心 能力 梯队 鲜有,2018/6/10,0,0,0,0,0,0
金融数据分析,拉普拉斯网络科技,云计算/大数据,北京,100,150,200,5,5,数字 区块 优先 货币 解读 分析 挖掘 证券市场 计算机专业 数据终端 各类 985 211 Excel Wind Choice 慧博 Python Sql Server,2018/6/30,1,1,1,1,0,0
数据分析助理,中国经济改革与发展研究院,咨询,北京,100,150,200,5,5,工作 研究 参与 数据分析 功底 实习 时间 撰写 职位 优先 分析 相关 数据 协助 因子分析 聚类分析 坐班 STATA SPSS 效度,2018/6/8,1,0,0,0,1,0
数据分析岗,利宝保险,金融,重庆,70,85,100,3,5,数据分析 实习 能力 Excel 精算 暑期 需求 支持 数理逻辑 公司总部 学历 清单 本科 熟练 报表 分支机构 工作 分公司 职位 描述,2018/6/30,0,0,1,0,0,1
数据分析助理,中欣集团,风控,北京,90,100,110,3,3,office 研一 研二 岗位职责 至少 大四 责任心 大三 实习 踏实 工作 高校 办公 每周 任职 喜爱 优先 全天 软件 同学,2018/6/14,1,0,0,0,0,0
数据分析师,南燕保险科技,分析/调研,上海,300,400,500,5,3,数据挖掘 CRM 数学 数据 进行 统计学 体验 客户 PPT SAS SPSS Matlab Microsoft Office 岗位职责 软件工具 找到 建模 以上学历 管理科学,2018/6/30,1,0,0,0,1,0
数据分析员,国研网,分析师,北京,100,110,120,5,3,数据库 经济学 具备 要求 统计学 知识 应届生 专业 Excel Access Word PowerPoint 统计 参与 数量 基础知识 能力 英文名称 以上 四级,2018/7/31,1,0,1,0,0,0
电商数据分析,Cache Cache,商务,上海,100,123.5,147,3,3,Data accuracy business oriented Dedicated detailed Prepare product information online store Events data STK upload check,2018/6/29,1,0,0,0,0,0
数据分析助理,云帆数联,数据挖掘,成都,90,95,100,5,10,运维 分析 数据 excel 优先 编程 度量 熟悉 对运维 211 985 提供数据 以上学历 报告 业务流程 内置 数据分析 能力 提出 统计学,2018/6/14,0,0,0,0,0,0
数据分析师,乐职网,数据挖掘,合肥,100,150,200,5,5,乐职 数据 场景 编程语言 数据分析 开展 实习 应用 清洗 实践 数据挖掘 千万级 熟悉 工作 SQL 极客 数据仓库 已有 数据业务 暑期,2018/7/1,0,1,0,0,0,0
数据分析员,思度科技,分析/调研,南京,180,200,220,5,7,数据分析 线路 运作 跟踪 数据报表 会计专业 甩柜 office 往届生 岗位职责 逻辑思维 能力 分析 新开 统计学 毛利 熟练 情况 办公 任职,2018/6/14,0,0,0,0,0,0
数据分析师,贪玩游戏,分析/调研,广州,120,135,150,5,8,数据分析 需求 分析 调研 游戏 沟通 运营 用户 数据挖掘 17 18 可加分 岗位职责 逻辑性 以上学历 思路清晰 业务部门 数据 责任感 本科,2019/8/31,1,0,0,0,0,1
数据分析师,掌阅iReader,用户研究,北京,200,215,230,4,10,负责 数据 至少 熟练 交予 脚本语言 服务端 建表 SQL python shell perl php PPT EXCEL SPSS SAS 客户端 吃苦耐劳 理解力,2018/6/11,1,1,0,1,1,0
数据分析员,广联达,数据库,北京,120,135,150,4,3,数据分析 数据挖掘 能力 SQL 数据库 工作 严谨 需求 软件 分析 调研 用户 模型 知识 EXCEL PL ORACLE 岗位职责 进行 表达能力,2018/6/13,1,1,0,0,0,0
数据分析师,耀晟投资,金融,佛山,130,140,150,5,3,00 客户 双休 专业 预判 风控 30 12 14 17 岗位职责 底薪 认真负责 统一安排 以上学历 客户关系 执行力 金融 大专 上班时间,2018/12/27,0,0,0,0,0,0
数据分析专员,毛戈平化妆品,财会,杭州,110,135,160,5,4,核对 负责 认真负责 工作 专柜 熟练 销售额 物流 应届生 POS 日事 OFFICE EXCEL 态度端正 上进心 财会 账务 应用 以上学历 录入,2018/6/13,0,0,0,0,0,0
数据分析师,亿翰股份,咨询/顾问,上海,100,110,120,4,3,能力 协助 团队 工作 岗位职责 大四 留用 在读 大三 敏感度 分析 领悟 数据处理 要求 以上 硕士 实习 主动性 细心 研究生,2018/10/31,1,0,0,0,0,0
数据分析师,声讯科技,数据库,杭州,200,300,400,5,15,电销 话术 分析 SQL 优先 熟悉 经验 报表 业务 数据 使用 饱满度 工作 Excel VBA My DML 方差分析 问题 岗位职责,2018/6/28,0,1,1,0,0,0
数据分析师,华院分析,云计算/大数据,银川,120,135,150,4,3,实习 工作 数据分析 研究生 120 150 月结 赚点 至少 优秀者 经历 课余时间 全职 零花钱 本科生 数理统计 有志于 在读 法宝 访谈,2018/6/30,0,0,0,0,0,1
数据分析师,北京无双科技有限公司,媒体,北京,150,175,200,5,3,能力 经验 优先 软件 分析 团队 沟通 网站 定位问题 专业 竞品 为佳 excel ppt Office GA Omniture 18 岗位职责 理解能力,2018/7/10,1,0,0,0,0,0
数据分析师,平安产险,软件,佛山,80,90,100,4,4,数据分析 实习 分析 岗位 暑期 数据 管理模式 算法 应用 经营 概况 职位 业务 优先 挖掘 运作 模型 实践 市场 专业,2018/9/27,0,0,0,0,0,0
数据分析师,蓝港互动集团,数据库,北京,140,160,180,5,8,实习期 数据 及时 实习 住宿 游戏 头脑灵活 指标 异常 19 专业本科 SQL HIVE oracle my sql 并会用 excel 140 180,2018/6/28,1,1,0,0,0,1
数据分析师,长江众创,数据挖掘,上海,150,175,200,3,6,数据挖掘 海量 算法 SQL 优先 自然语言 经验 影视 工作 考虑 数据 以上 机器 文本处理 实习期 本科学历 Java Python Spark Hadoop,2018/6/6,1,1,0,1,0,1
数据分析师,长江众创,Python,上海,120,135,150,3,3,人工智能 数据 优先 数创 众创 采集 薪资 培训 空间 事业部 有数 工作 能力 团队 人才库 接触 快人 读书会 各类 小姐姐,2018/9/30,1,0,0,0,0,0
商业数据分析,TBS,分析/调研,南京,115,122.5,130,3,4,社交 营销 广告学 专业 为佳 powerpoint Python 新闻学 浓厚兴趣 市场营销 数据分析 分析 相关 管理 学历 熟练 工作 电子商务 时间 社会学,2018/6/5,0,0,0,1,0,0
数据分析工程师,保数通,算法,北京,100,150,200,3,13,数据挖掘 清洗 数据 优先 脚本 java python 校验 熟练掌握 准确率 自然语言 具有 工作 编写 职位 任职 职责 一门 资格 优化,2018/6/30,1,0,0,1,0,0
数据分析岗,碧桂园,建筑房产,成都,150,225,300,5,8,数据分析 分析 业务 能力 提报 2018 专业本科 Excel PPT 岗位职责 决策支持系统 以上学历 参与 凝练 固化 业务部门 系统化 统计学 在职 透视,2018/6/24,0,0,1,0,0,1
数据分析师,博慧医数,数据挖掘,北京,100,147,194,5,3,统计分析 本科 数据 驻场 统招 Linux 岗位职责 可视化 以上学历 全日制 文档 数据分析 编程 咨询服务 相关 要求 图表 大学毕业 出差 报表,2018/6/7,1,0,0,0,0,1
数据分析专员,广州棒谷,运营,广州,208,270.5,333,5,7,分析 带薪 培训 运营 数据 良好 拓展 团队 常用软件 全勤奖 创新奖 工作 婚假 Excel 棒谷 8K 新入 五险 一金 绩效奖金,2018/6/30,1,0,1,0,0,0
数据分析师,创东VR,咨询,沈阳,50,75,100,5,4,热图 使用 软件 数据挖掘 geo mate GO 7Visio Hiscite Epidata 10image 质粒 数据分析 神器 通路 构建 明星 熟悉 分子 信号,2018/6/6,0,0,0,0,0,0
数据分析专员,海信集团,其他类型,青岛,109,129.5,150,5,14,搭建 分析 团队 沟通 数据仓库 SQL HIVE 提供数据 理解能力 跨部门 以上学历 业务 指标体系 能力 统计学 使用 本科 熟练 任职 职责,2019/6/30,0,1,0,0,0,1
数据分析员,中峰信达,新媒体,北京,120,130,140,5,3,实习 坐班 认真仔细 迟到早退 东四环 2018 html 3000 模板 期间 数据 加班 需要 工作 招聘 岗位 实习生 采集 职责 培训,2018/6/21,1,0,0,0,0,0
数据分析师,优必爱,云计算/大数据,北京,100,150,200,3,3,数据分析 建模 能力 具备 相关 团队 数据挖掘 工作 软件架构 Python Spark 岗位职责 设计 独立 以上学历 在校学生 统计分析 完成 能够 数据,2018/6/18,1,0,0,1,0,0
数据分析建模,子询,数据挖掘,成都,100,125,150,5,3,实习 模型 数学 数据挖掘 认真细致 维护 工具 SQL SPSS Clementine SAS EM Python 岗位职责 良好 暑期 设计 熟练掌握 建模 执行力,2018/6/20,0,1,0,1,1,0
数据分析主管,智联招聘,运营,苏州,300,350,400,5,15,运营 分析 数据 优化 客户资源 优先 能力 管理 计算机专业 警觉性 Excel Access Power point 岗位职责 体系 抗压 经验 良好 大学本科,2018/6/10,0,0,1,0,0,1
数据分析工程师,上海迈科,算法,上海,70,72.5,75,5,8,实习 学习 行业 机器 掌握 模式分析 一钟 python java matlab TensorFlow 岗位职责 应用 暑期 开发者 数据分析 数据 分析方法 算法 职位,2018/6/10,1,0,0,1,0,0
商业数据分析,英特体育,分析/调研,上海,150,225,300,2,4,Support Excel English business least 协助 熟练 各类 文件 collect analyze sales inventory data Organize update reports documents Translate Chinese,2018/6/30,1,0,1,0,0,0
数据分析师,中原银行,数据挖掘,上海,100,110,120,5,6,数据 数据挖掘 可视化 能力 熟练 业务 相关 工作 CRM SQL PYthon Matlab Scala OFFICE EXCEL 岗位职责 抗压 编程语言 质量保证 执行力,2018/6/20,1,1,0,0,0,0
数据分析师,小糖互联,数据挖掘,北京,150,175,200,4,14,数据 需求 沟通 运营 EXCEL SQL HIVE linux 经验 良好 熟练掌握 以上学历 逻辑思维 支持 数据分析 积极主动 分析 产品 统计学 责任感,2018/6/14,1,1,0,0,0,0
数据分析专员,广电银通,分析/调研,广州,100,125,150,5,3,数据挖掘 数据分析 数据 运营 负责 工作 优先 软件 公司 本科学历 维保 力强 office SQL spss 岗位职责 经验 执行力 数理统计 考虑,2018/6/15,1,1,0,0,1,1
数据分析助理,巴九灵新媒体,运营,杭州,80,85,90,4,4,数据 业务 相关 财务 协助 具象化 培养 知识 excel 5.2019 统计 理解能力 拥有 数据分析 能力 能够 辨别 熟练 报表 梳理,2018/7/30,0,0,0,0,0,0
数据分析师,神策数据,云计算/大数据,北京,200,228,256,5,3,客户 多维度 指标体系 实习 梳理 能够 协助 意向者 优秀 熟悉 形成 具备 电商 工具 神策 计算机相关 SQL Python Excel 表达能力,2018/6/30,1,1,1,1,0,0
数据分析实习,华润置地华北大区商业管理,建筑房产,北京,100,125,150,3,6,实习 华润 暑期 2019 岗位 职位 数据分析 万象 以上 开发 接受 长期 城市 优先 品质 运营 在职员工 专业 优异者 百匠,2018/6/30,1,0,0,0,0,0
数据分析实习,华润置地华北大区商业管理,建筑房产,郑州,100,125,150,3,6,实习 华润 暑期 2019 岗位 职位 数据分析 万象 以上 开发 接受 长期 城市 优先 品质 运营 在职员工 专业 优异者 百匠,2018/6/30,0,0,0,0,0,0
数据分析实习,华润置地华北大区商业管理,建筑房产,青岛,100,125,150,3,6,实习 华润 暑期 2019 岗位 职位 数据分析 万象 以上 开发 接受 长期 城市 优先 品质 运营 在职员工 专业 优异者 百匠,2018/6/30,0,0,0,0,0,0
数据分析实习,华润置地华北大区商业管理,建筑房产,济南,100,125,150,3,6,实习 华润 暑期 2019 岗位 职位 数据分析 万象 以上 开发 接受 长期 城市 优先 品质 运营 在职员工 专业 优异者 百匠,2018/6/30,0,0,0,0,0,0
数据分析实习,华润置地华北大区商业管理,建筑房产,太原,100,125,150,3,6,实习 华润 暑期 2019 岗位 职位 数据分析 万象 以上 开发 接受 长期 城市 优先 品质 运营 在职员工 专业 优异者 百匠,2018/6/30,0,0,0,0,0,0
数据分析实习,华润置地华北大区商业管理,建筑房产,石家庄,100,125,150,3,6,实习 华润 暑期 2019 岗位 职位 数据分析 万象 以上 开发 接受 长期 城市 优先 品质 运营 在职员工 专业 优异者 百匠,2018/6/30,0,0,0,0,0,0
数据分析实习,华润置地华北大区商业管理,建筑房产,淄博,100,125,150,3,6,实习 华润 暑期 2019 岗位 职位 数据分析 万象 以上 开发 接受 长期 城市 优先 品质 运营 在职员工 专业 优异者 百匠,2018/6/30,0,0,0,0,0,0
数据分析实习,华润置地华北大区商业管理,建筑房产,日照,100,125,150,3,6,实习 华润 暑期 2019 岗位 职位 数据分析 万象 以上 开发 接受 长期 城市 优先 品质 运营 在职员工 专业 优异者 百匠,2018/6/30,0,0,0,0,0,0
数据分析师,盼达用车,数据库,成都,100,125,150,5,15,数据分析 用户 能力 分析 需求 优先 调研 计算机 数据挖掘 岗位职责 负责 进行 迭代 收集整理 大四 在校生 解决 报告 应用软件 大三,2019/5/31,0,0,0,0,0,0
数据分析师,AnG,SEO,北京,180,200,220,5,3,客户 优化 工作 岗位 广告 投放 灵活处理 沟通 账户 广告行业 熟悉 抗压性 KPI 广点通 宝等 EXCEL PPT 应用 良好 信息流,2018/7/31,1,0,0,0,0,0
Python 数据分析,五叶草,Python,南京,150,175,200,5,9,数据挖掘 python requests Beautifulsoup My SQL 2017 07 30 岗位职责 负责 建模 分析 数据 技术 数据库 熟练 共享 第三方 岗位,2018/12/23,0,1,0,1,0,0
数据分析师,七牛云,产品,上海,200,250,300,4,7,数据分析 业务 协同 数据挖掘 数据 帮助 用户 痛点 经验 商业价值 业务部门 异常 及时 最大化 问题 构建 职责 监控 心态 实现,2018/9/30,1,0,0,0,0,0
数据分析师,永辉,其他类型,上海,180,205,230,5,14,数据 协助 树立 指标 SQL Excel 测试数据 功能模块 喜欢 建模 精细化 准确性 场景 擅长 任职 职责 周报 思考 深度 沟通,2018/11/30,1,1,1,0,0,0
数据分析师,盛趣信息技术（上海）,其他类型,上海,100,115,130,4,6,游戏 数据 竞品 SQL 提供数据 沟通 用户 分析 良好 支持 优先 能力 挖掘 活动 运营 数据挖掘 通过 Hive Server Oracel,2018/6/29,1,1,0,0,0,0
数据分析岗,中国互联网协会,不限,北京,100,125,150,3,3,协助 统计 以上学历 数据分析 经管 数据 分析方法 数据库 本科 熟练 编写 办公 软件 收集 计算机 整理 专业 支撑 设计 参与,2018/6/30,1,0,0,0,0,1
数据分析实习,利通研究院,软件,广州,80,90,100,3,4,需求 业务 数据 良好 分析 团队 沟通 计算机相关 Oracle SQL Excel 岗位职责 提供数据 统计 大学本科 进行 以上学历 了解 责任心 敏感度,2018/7/31,1,1,1,0,0,1
数据分析工程师,中博研究院,咨询/顾问,南京,100,125,150,4,3,数据分析 分析 建立 数据模型 营销学 岗位职责 提供数据 以上学历 管理学 相关 数据处理 统计学 本科 报表 社会学 撰写 任职 进行 挖掘 经济学,2018/6/30,0,0,0,0,0,1
数据分析师,大公信软,金融,北京,100,125,150,5,4,评价 企业 模型 体系 进行 设计 根据 维度 征信 方法 负责 开发 编写 金融 建设 项目 分析 行业 要求 运营,2018/6/30,1,0,0,0,0,0
数据分析员,和君纵达,财务,合肥,100,147,194,5,3,统计 统计分析 打字速度 录单 excel 岗位职责 统计表 操作 建模 归档 以上学历 大专 指标体系 统计资料 编程 信息系统 熟练 工作 保密 上报,2020/5/15,0,0,0,0,0,0
数据分析师,中评信用,数据库,北京,120,135,150,4,9,数据 团队 信用 数据库 实习 金融 专注 进行 培训 互联网 技术 职后 岗位培训 专业 中评 投顾 产融 信息工程 岗位职责 研究型,2018/9/1,1,0,0,0,0,0
数据分析师,大公国际,金融,北京,6,9,12,5,15,负责 数据分析 熟悉 数据 金融 数据报表 模型 数据挖掘 整理 Excel Spss Matlab SQL 岗位职责 设计 以上学历 相关 实践经验 行业 产品,2018/9/15,1,1,1,0,1,0
数据运营/数据分析师,58安居客,运营,佛山,80,80.5,81,5,3,数据分析 互联网 销售 团队 运营 数据 平台 节假日 经验 相关 挖掘 补贴 轻松 管理 数据分析系统 双休 资格 带薪 office word,2018/6/18,0,0,0,0,0,0
业务分析&数据分析助理,德勤管理咨询,数据挖掘,北京,139,139.5,140,4,3,能力 PPT 项目经理 分析 管理 要求 研究 工作 协作 相关 同学 团队 沟通 毕业 2018 Word 研一 研二 Office SQL,2018/6/15,1,1,0,0,0,0
数据分析师/投资分析师,耀晟投资,分析师,佛山,99,99.5,100,5,15,00 客户 实习 双休 专业 预判 风控 30 12 14 17 岗位职责 暑期 底薪 认真负责 统一安排 以上学历 客户关系 执行力 金融,2018/6/22,0,0,0,0,0,0
数据仓库与数据分析实习生,今日头条,数据挖掘,北京,280,300,320,4,3,数据仓库 数据分析 用户 数据 负责 职位 优先 分析 试验 分布式计算 改进 工具 架构设计 ETL 有大 Map Reduce Hadoop Hive 提供数据,2018/12/2,1,0,0,0,0,0
财务分析／数据分析实习生,蓝标电商,财务,北京,100,105,110,4,4,沟通 实习期 1.18 喜欢 逻辑思维 数据分析 四天 毕业生 会计 职位 描述 一周 协调 专业 四个 能力 数据 以上,2018/6/15,1,0,0,0,0,0
数据分析/数据挖掘实习生,欢聚时代（多玩YY）,数据挖掘,珠海,80,100,120,3,6,熟练 数据挖掘 SQL excel 吃苦耐劳 认真负责 逻辑思维 能力 使用 实习 算法 珠海 工作 时间 严谨 做事 每周 沟通 地点 学习,2018/6/11,0,1,0,0,0,0
数据分析实习生,滴滴出行,用户研究,北京,150,175,200,5,6,优先 体验 excel 滴滴 数据 实习 门店 顾客 车主 调研 工作 获取数据 专业 实习期 ppt viso spss Excel 负责人 经历,2018/6/11,1,0,1,0,1,0
数据分析实习生,北京嘀嘀,运营,北京,150,175,200,5,6,优先 体验 excel 滴滴 数据 实习 门店 顾客 车主 调研 工作 获取数据 实习期 ppt viso spss Excel 负责人 经历 大批量,2018/6/12,1,0,1,0,1,0
数据分析实习生,爱智康,软件,北京,120,135,150,4,3,数据 数据分析 Excel 熟练掌握 进行 分析 日活 埋点 SQL PowerPoint 合理 岗位职责 相应 客服部 理解能力 描述性 勤奋好学 积极向上 逻辑思维 需求,2018/6/21,1,1,1,0,0,0
数据分析实习生,探迹,云计算/大数据,广州,80,115,150,4,10,数据 爬取 数据分析 负责 优先 相关 常用 工作 具备 开发进度 Excel Word Office 软件工具 枚举 经验 加以分析 以上学历 维度 来源,2018/6/14,1,0,1,0,0,0
数据分析实习生,美团网,产品运营,北京,150,200,250,5,4,业务 数据 优先 产品 实习 分析 协助 协调 PRD sql 负责 大学本科 迭代 以上学历 逻辑思维 需求 支持 文档 数据分析 持续,2018/6/16,1,1,0,0,0,1
数据分析实习生,酷方,运营,武汉,40,60,80,3,6,产品库 录入 整理 专业 工作 能力 较强 文字编辑 全站 偏理 岗位职责 大四 理工科 逻辑思维 大三 职业道德 数据 文科 熟练 踏实,2018/9/30,0,0,0,0,0,0
数据分析实习生,同人法律传媒,软件,武汉,80,90,100,5,4,数据 00 可视化 软件 常见 善于 提供 数据源 双休 评价 数据挖掘 工作 信管 平台 律所 微信 SPSS SAS Excel 八爪,2018/8/6,0,0,1,0,1,0
数据分析实习生,柠檬微趣,数据库,北京,150,200,250,3,3,SQL 数据 保证数据 数据组织 维护 脚本语言 ETLpipeline bash shell 暑期 开发 统计分析 导入 实习 精通 查询 职位 任职 职责 优先,2018/6/15,1,1,0,0,0,0
数据分析助理实习,趣加电子竞技俱乐部,运营,上海,100,125,150,3,3,原始数据 采集 工具 游戏 数据 熟悉 PUBG 300 Excel 及宏 视频剪辑 SPSS SAS Oracle My sql SQL sever 以上学历 在校生,2018/6/15,1,1,1,0,1,0
数据分析实习生,柠檬微趣,数据库,北京,150,200,250,4,9,SQL 数据 保证数据 数据组织 维护 脚本语言 ETL pipeline 统招 bash shell 岗位职责 开发 以上学历 统计分析 导入 本科 精通 查询 任职,2018/6/7,1,1,0,0,0,1
数据分析实习生,上海时年,软件,上海,150,175,200,5,7,导师 数据分析 学习 优先 游戏 优秀 指导 运用 工具 数据仓库 SAS SPSS MATLAB 另谈 岗位职责 全职 理解力 薪资 全日制 应届,2019/1/31,1,0,0,0,1,0
初级数据分析师,宜信,数据挖掘,北京,120,150,180,3,6,SQL 优先 海量 数据 扎实 毕业生 分析 基础 数据挖掘 熟悉 专业 2018 2019 My Oracle Python Shell 岗位职责 提供数据 编程语言,2018/6/16,1,1,0,1,0,0
数据分析实习生,滴滴出行,运营,北京,200,230,260,4,6,数据 业务 工具 200 260 熟练掌握 加班 瑜伽 健身 本科 监控 分析 沟通 工作 SQL Office Excel 饭补 点后 30,2018/12/31,1,1,1,0,0,1
数据分析与咨询,CTR,市场,北京,100,140,180,4,5,工作 完成 协助 00 思维 数据分析 经理 实习生 职责 方法 培训 调研 咨询 研究 掌握 211 研二 研三 PPT Excel,2018/6/15,1,0,1,0,0,0
数据分析实习生,萌牙,数据挖掘,宁波,120,150,180,5,9,萌牙 数据 我们 学习 分析 业务 优先 数据报表 设计 运营 数据挖掘 成长 员工 团队 工作 艰苦奋斗 提供 健康 价值观 每个,2018/6/15,0,0,0,0,0,0
数据分析实习生,友金所,分析师,深圳,300,400,500,5,7,SQL SAS Excel 数据分析 数据 报表 能力 使用 指标 2019 MS 岗位职责 为人正直 企划部 以上学历 预处理 逻辑思维 责任心 提高效率 关键字,2018/6/30,1,1,1,0,0,0
数据分析师 实习,出类,分析师,上海,100,150,200,4,8,出类 互联网 VC 职位 分析 行业 绿地 报道 实习 创投 福利 办公 专注 任何 投资人 流向 调研 开放式 广场 沟通,2018/12/31,1,0,0,0,0,0
数据分析实习生,易车网,云计算/大数据,北京,150,175,200,4,3,数据 熟练掌握 运营 数据分析 参与 业务 数据报表 痛点 运用 多维度 实习期 反作弊 SQL Hive Excel 岗位职责 策略 提供数据 行业动态 需求方,2018/6/30,1,1,1,0,0,0
数据分析实习生,有米科技,产品,广州,60,80,100,3,3,实习 爬取 数据 项目经理 网页 要求 具备 PPT Word 抗压 暑期 理解能力 勤奋好学 信息管理 观察力 市场营销 大三 能力 项目 相关,2018/7/1,1,0,0,0,0,0
数据分析实习生,上海国际广告展览,数据库,杭州,120,135,150,5,3,数据 整理 响应分析 工具 EXCEL PPT SQL SAS 岗位职责 统计 逻辑思维 需求 业务 统计分析 积极主动 能力 集团 分析 相关 数据处理,2018/6/13,0,1,0,0,0,0
数据分析实习生,上海国际广告展览,市场,上海,100,125,150,4,6,数据 整理 响应分析 2018 2019 CET EXCEL PPT 20 岗位职责 至少 学习 以上学历 全日制 信息 大专 读写 逻辑思维 需求 业务,2018/6/15,1,0,0,0,0,0
数据分析实习生,亿翰股份,分析/调研,上海,100,110,120,3,13,实习 能力 协助 团队 工作 岗位职责 暑期 大四 理工科 在读 大三 敏感度 分析 领悟 数据处理 要求 以上 硕士 主动性 细心,2019/8/1,1,0,0,0,0,0
数据分析实习生,一点资讯,数据库,北京,150,165,180,5,4,数据 制作 专业本科 EXCEL PPT SQL hive 150 180rmb 日薪 团队精神 良好 以上学历 报告 敏感度 能力 实习 熟练 任职 转正,2018/6/14,1,1,0,0,0,1
数据分析实习生,一点资讯,数据库,北京,150,165,180,5,6,广告 数据 用户 专业本科 EXCEL PPT SQL 岗位职责 团队精神 良好 以上学历 完成 敏感度 能力 洞察 分析 熟练 工作 任职 交代,2018/6/14,1,1,0,0,0,1
数据分析实习生,一点资讯,Python,北京,150,165,180,5,6,广告 数据 用户 专业本科 EXCEL PPT SQL 岗位职责 团队精神 良好 以上学历 完成 敏感度 能力 洞察 分析 熟练 工作 任职 交代,2018/6/14,1,1,0,0,0,1
数据分析实习生,珀金埃尔默,云计算/大数据,上海,124,134.5,145,3,6,statistical report Position Responsibilities proofread Compose layout Relevant paper work Education Required 4th grade Bachelor master preferred.2 Major statistics use,2018/6/12,1,0,0,0,0,0
互联网数据分析员,云润大数据,分析/调研,北京,100,150,200,5,6,舆情 关键词 舆论 分析 借助 互联网 准确 热点 平台 工具 微博 微信 统招 岗位职责 文秘 预警系统 面议 抓取 提炼出 以上学历,2018/6/30,1,0,0,0,0,0
数据分析实习生,上海翼依,产品助理,上海,100,125,150,4,8,实习 Excel 病历 表格 职位 优先 暑期 熟练掌握 知识库 以上学历 责任心 数据 准确性 本科 梳理 任职 提取 检验 医学 描述,2018/6/23,1,0,1,0,0,1
数据分析实习生,奥思礼礼宾,客服,北京,144,172,200,2,3,工作 客户 office Excel 良好 使用率 文案 数据分析 能够 相关 熟练 资质 办公 细致 案例 每周 撰写 职责 申报 优先,2018/6/14,1,0,1,0,0,0
数据分析实习生,EY安永,金融,北京,140,140.5,141,4,3,优先 数据分析 工作 具备 部门经理 SQL 性佳 职者 出勤 为人处世 以上学历 信息管理 数理逻辑 统计分析 完成 原则性 能力 要求 数据库 四天,2018/6/29,1,1,0,0,0,0
数据分析实习生,京东金融,数据库,北京,120,150,180,5,4,自动化 业务 优先 分析模型 python vba excel 2019 Python pandas VBA SQL 岗位职责 出勤 提供数据 以上学历 全日制 在读 统计分析 数据分析,2018/6/30,1,1,0,1,0,0
数据分析实习生,瓜子二手车直卖网,用户研究,北京,220,250,280,5,6,工作 实习 良好 优先 相关 数据 Office 19 产品部 为人正直 暑期 以上学历 道德品质 敬业 责任心 核算 本科 熟练 主动性 报表,2018/6/20,1,0,0,0,0,1
数据分析实习生,瓜子二手车直卖网,Python,北京,220,260,300,5,8,数据分析 数据挖掘 SQL 全勤 Python 19 20 Tableau 进行 需求 洞察力 业务部门 能力 分析 有加 使用 硕士 实习 根据 熟练,2018/6/10,1,1,0,1,0,0
数据分析师助理,地比图科技,云计算/大数据,青岛,280,330,380,5,4,数据 分析 并具 岗位职责 团队精神 负责 以上学历 执行力 大专 逻辑思维 相关 敏感性 创造力 分析方法 样本 技术人员 热爱 严谨 编写 浓厚,2018/9/10,0,0,0,0,0,0
数据分析师助理,地比图科技,云计算/大数据,济南,280,330,380,5,4,数据 分析 并具 岗位职责 团队精神 负责 以上学历 执行力 大专 逻辑思维 相关 敏感性 创造力 分析方法 样本 技术人员 热爱 严谨 编写 浓厚,2018/9/10,0,0,0,0,0,0
数据分析实习生,拜耳,生物医疗,北京,100,125,150,4,4,business data analysis market support China information sources Tableau marketing sales integrated Help intelligence project CI Global Uses excel PowerPoint,2018/6/20,1,0,0,0,0,0
数据分析实习生,万合天宜,分析/调研,北京,100,110,120,5,6,优先 数据 职位 软件 报告 数据分析 实习 分析 行业 定期 平台 以及 本科学历 windows office Excel PPT 剧集 负责 经验,2018/7/1,1,0,1,0,0,1
实习数据分析专员,优渥瑞新材料,分析/调研,苏州,120,135,150,4,4,工作 业务部 项目 工作日 留用 独当一面 外贸 外语 专业 招聘 公司 入职 450 我司 实习生 学习 竹园 营销 员工 运营,2018/6/11,0,0,0,0,0,0
数据分析实习生,资产360,云计算/大数据,北京,100,150,200,5,6,统计 完成 相关 数据 其它 认真仔细 应届生 交予 分析模型 针对 统招 excel SQL 2019 岗位职责 负责 以上学历 全日制 部门 统计分析,2018/6/14,1,1,0,0,0,0
数据分析实习生,维益食品,行政,上海,100,110,120,3,6,excel 汇总 数据 数据源 认真细致 运用 结论性 Responsibility office Qualification 出勤 暑期 理解力 逻辑性 并行处理 观察力 逐条 洞察力 海量 实习,2018/6/30,1,0,0,0,0,0
数据分析实习生,中知互联,分析/调研,北京,120,140,160,4,4,互联网 知识 智库 信息 传媒大学 数据 平台 研究院 专家 国家级 服务 互联 构建 数据处理 领域 中知 研究 优先 权威 内容,2018/6/14,1,0,0,0,0,0
数据分析实习生,棒谷,物流,广州,130,140,150,6,8,物流 数据 仓储 数据分析 运营 部门 业务部门 跟进 需求 优先 应届生 决策依据 研发部门 开发进度 OA 岗位职责 项目前期 商业机会 逻辑思维 处理结果,2018/6/30,1,0,0,0,0,0
数据分析实习生,国双科技,分析/调研,广州,120,135,150,3,2,数据 行业 责任心 职位 优先 互联网 韩语 熟悉 英文翻译 具备 快消 本科学历 excel 进行 执行力 在校学生 项目 搜索引擎 多件 网页,2018/6/6,1,0,0,0,0,1
数据分析实习生,国双科技,分析/调研,深圳,120,135,150,3,2,数据 行业 责任心 职位 优先 互联网 韩语 熟悉 英文翻译 具备 快消 本科学历 excel 进行 执行力 在校学生 项目 搜索引擎 多件 网页,2018/6/6,1,0,0,0,0,1
数据分析师助理,铭信息科技,云计算/大数据,上海,80,120,160,3,3,数据分析 优先 数据挖掘 建模 参与 数据 测试 协助 查错 模型 计算机 数学 数据模型 具备 单元测试 python SPSS SAS 80 200,2018/6/14,1,0,0,1,1,0
ADAS数据分析工程师,SEGULA_CHINA,机械制造,上海,120,135,150,5,7,component management vehicle ADAS regular supplier communication 交付 供应商 项目 沟通 正式化 车辆 Responsibility Deliver officialize software hardware calibration system,2018/6/30,1,0,0,0,0,0
金融数据分析师,玛瑙数据,软件,上海,100,150,200,5,3,金融 敬业精神 matlab python sql 团队精神 统计 熟练掌握 以上学历 敏感性 本科 感兴趣 任职 职责 优先 测试 沟通 计算机 物理 概率,2018/8/28,1,1,0,1,0,1
数据分析实习生,势必可赢Speakin,云计算/大数据,深圳,150,200,250,5,5,使用 算法 熟练 数学 爬取 python numpy scipy matplotlib pandans tensorflow matlab julie 勤奋好学 更佳 数据分析 工作 清洗 任职 优先,2018/6/15,1,0,0,1,0,0
数据分析实习生,有利网,金融,北京,120,160,200,3,3,数据分析 SQL 岗位职责 出勤 熟练掌握 以上学历 浓厚兴趣 活动 本科 策划 实习生 每周 任职 转正 优先 互联网 资格 数学 深入 整理,2018/7/1,1,1,0,0,0,1
数据分析师助理,赫狮网络,产品助理,上海,150,150.5,151,3,6,运营 项目 What 消品 商务 机会 数据分析 工作 媒介 供应商 优先 互联网 读写能力 要求 产品 移动 专业 电商 客户 will,2018/6/18,1,0,0,0,0,0
助理数据分析师,新意互动,分析/调研,北京,100,125,150,5,4,数据 足够 热情 工作 资深 优先 数据挖掘 数据模型 指导 及大 成就感 了解 数据分析 能力 基础 产品 汽车行业 企业 一定 解决问题,2018/6/12,1,0,0,0,0,0
数据分析实习生,同盾科技,数据挖掘,杭州,115,126.5,138,3,3,结构化 清洗 数据 分类器 模型 数据挖掘 熟悉 运营部 专业 掌握 脚本语言 调优 SQL Python Perl Linux Spark ElasticSearch Hive 岗位职责,2018/6/21,0,1,0,1,0,0
数据分析实习生,顺丰科技,咨询,深圳,150,175,200,5,2,团队 数据报表 Excel 岗位职责 条理清楚 认真负责 在校生 大二 完成 大三 数据分析 能动性 准确性 熟练 搜集 细致 资深 耐心 任职 优先,2018/6/23,1,0,1,0,0,0
数据分析实习工程师,云账房,云计算/大数据,南京,100,125,150,5,5,数据挖掘 技术 机器 熟悉 相关 数据 学习 平台 语言 对大 C++ Python Java Hadoop Spark Hive 岗位职责 进取精神 建模 以上学历,2018/6/13,0,0,0,1,0,0
数据分析实习生,猫眼电影,运营,北京,120,140,160,4,6,数据 优先 分析 SQL 敏感度 数据分析 研究 岗位 报告 业务 协助 决策性 具备 BI 学习业务 19 20 hive 体系 提供数据,2018/6/13,1,1,0,0,0,0
数据分析实习生,洋葱数学,云计算/大数据,北京,100,150,200,4,6,数据分析 数据 能力 业务 SQL 运营 分析 产品 公司 日常 团队 精品课程 团建 模型 定期 随时 千万级 取阅 高速 完整,2018/6/6,1,1,0,0,0,0
数据分析实习生,猫眼电影,运营,北京,120,140,160,5,4,数据 优先 分析 SQL 敏感度 数据分析 研究 岗位 报告 业务 协助 决策性 具备 BI 学习业务 1.19 20 hive 体系 提供数据,2018/6/13,1,1,0,0,0,0
金融数据分析师,世纪纵横,投资,北京,100,125,150,5,5,本科 实习 做过 考核 模拟 优先 账户 不用 统招 2019 期者 office OA 岗位职责 愿意 遵守纪律 从事 以上学历 全日制 资格证,2018/6/16,1,0,0,0,0,1
数据分析实习生,滴滴出行,产品,北京,150,200,250,4,3,业务 产品 熟练 梳理 优先 监测 数据 互联网 数据报表 基于 数据模型 埋点 兴趣浓厚 SQL excel 迭代 指标体系 提供 统计学 使用,2018/9/30,1,1,0,0,0,0
采购数据分析员,哈曼,分析/调研,上海,120,120.5,121,4,6,采购 砸过来 应届生 专业 不招 想学些 财会 留用 简历 数据分析 工科 口语 硕士 本科 实习 工作 书面 每周 英文 同学,2018/6/13,1,0,0,0,0,1
数据分析师实习,Datastory数说故事,分析/调研,北京,100,150,200,4,3,商业 应用 分析 为佳 数据 实习 需求 相关 使用 网络 工具 客户 分析模型 实习期 Excel PPT 岗位职责 商科 舆情 浓厚兴趣,2018/6/4,1,0,1,0,0,0
实习数据分析师,Datastory数说故事,云计算/大数据,上海,100,150,200,4,4,商业 应用 分析 为佳 数据 实习 需求 相关 使用 网络 工具 客户 分析模型 实习期 Excel PPT 岗位职责 商科 舆情 浓厚兴趣,2018/6/7,1,0,1,0,0,0
数据分析师实习,Datastory数说故事,分析/调研,广州,100,150,200,5,5,商业 应用 分析 为佳 数据 实习 需求 相关 使用 网络 工具 客户 分析模型 实习期 Excel PPT 岗位职责 商科 舆情 浓厚兴趣,2018/6/4,1,0,1,0,0,0
数据分析实习生,电通数码,市场,北京,80,90,100,4,8,tech 数据 相关 熟练者 咨询 整理 工具 DMP CRM ad mar GA PPT 可视化 软件工程 信息管理 资源 在读 市场营销 数据分析,2018/12/31,1,0,0,0,0,0
数据分析实习生,Talent X,数据挖掘,北京,120,135,150,3,3,数据分析 优先 支持 实习 报表 协作 解决问题 分析 运营 数据挖掘 工作 运用 开发人员 情商 Excel SPSS SAS Python SQL java,2018/12/31,1,1,1,1,1,0
数据分析实习生,奢分期,市场,广州,100,110,120,5,6,分期 腾讯 大牛 东塔 微信 天誉 2807 杨箕 越秀区 商务大厦 地铁站 补贴 团队 数据 提供 工作 消费 地址 互联网 公司,2018/6/11,1,0,0,0,0,0
数据分析实习生,盈盈理财,软件,杭州,100,125,150,5,3,文档 编写 能力 实习期 EXCEL WORD 岗位职责 抗压 以上学历 逻辑思维 业务 统计分析 硕士 实习 熟练 岗位 转正 优先 调研 逻辑,2018/6/4,0,0,0,0,0,0
数据分析实习生,博彦科技,运营,西安,80,100,120,5,7,舆情 岗位 职位 工作 应届生 EXCEL PPT 岗位职责 背景 抗压 项目经理 以上学历 汇报工作 大专 枯燥 琐碎 功底 筛查 公关 娴熟,2018/6/4,0,0,0,0,0,0
数据分析实习生,尼尔森网联,分析/调研,北京,80,90,100,4,4,优先 沟通 能力 数据 客户 工作 同事 保研 研二 office 良好 营销中心 进行 大四 报告 考虑 市场 数据分析 导入 提供,2018/6/4,1,0,0,0,0,0
大数据分析师,北斗院,云计算/大数据,深圳,99,99.5,100,5,3,实习 数据挖掘 熟悉 SQL 编程语言 优先 数据分析 数据 硕士 良好 岗位 能力 相关 实习期 java python Linux shell 数据仓库 Hadoop,2018/9/17,1,1,0,1,0,0
数据分析实习生,红星美凯龙,云计算/大数据,上海,100,110,120,3,13,能力 软件 数据分析 应用 系统 收集 调研 协助 程序开发 活泼开朗 整理 以及 Office PPT Excel 脑洞 BI 抗压 房地产 软件工程,2019/7/28,1,0,1,0,0,0
数据分析实习生,达美乐比萨,分析/调研,上海,100,110,120,2,12,报表 顾客 会员 应届生 日报表 19 20 SQL 跨部门 本科 工作 营运 每周 撰写 职位 任职 日常 协助 沟通 描述,2018/6/12,1,1,0,0,0,1
数据分析实习生,汇信科技,市场,杭州,150,175,200,4,3,数据分析 分析 能力 数据 计算机相关 专业本科 SQL excel 经验 暑期 以上学历 语言表达 报告 业务 数据处理 敏感性 统计学 硕士 方法论 实习,2018/6/28,0,1,0,0,0,1
数据分析实习生,蓝城兄弟,渠道,北京,150,175,200,5,6,反馈 合作 优先 日常 活动 敬业精神 工作 工具 appstore 本科学历 ppt 19 统计 良好 大四 表达能力 在校生 守信 投递 仅限,2018/6/30,1,0,0,0,0,1
数据分析实习生,中科天玑,云计算/大数据,北京,100,150,200,4,15,梳理 业务 优先 互联网 平台 Office Word Excel PPT 岗位职责 编程语言 业务流程 舆情 分析 金融业务 要求 熟练 细心 做事 岗位,2018/8/27,1,0,1,0,0,0
数据分析实习生,上汽通用汽车金融,软件,上海,120,120.5,121,2,5,日常 协助 理工类 专业本科 Excel SQL 在校生 三年级 支持 二年级 数据分析 编程 项目 分析员 分派 使用 数据库 实习 熟练 报表,2018/6/18,1,1,1,0,0,1
数据分析实习生,超对称,数据库,北京,150,194.5,239,4,3,数据分析 电商 本科学历 SQL Python prefer 建模 信息管理 自然语言 了解 在读 海量 都行 细心 工作 一定 归纳 耐心 职责 进行,2018/6/12,1,1,0,1,0,1
数据分析实习生,宜信财富,产品运营,上海,100,110,120,4,8,知识库 收集 较强 更新 工作 具备 常见问题 工作手册 统招 天及 研一 研二 office 为人正直 流程图 进行 在校生 交办 执行力 内容,2018/6/28,1,0,0,0,0,0
数据分析实习生,留海科技,数据挖掘,广州,100,110,120,4,4,实习 优先 数据分析 职位 能力 数据 双休 比赛 数学 制定方案 数据挖掘 指导 分析模型 研二 练手 ASAP 大四 课外 建模 参与,2018/6/13,1,0,0,0,0,0
客户数据分析师,瑞易信息技术,云计算/大数据,上海,180,185,190,3,14,Customer Success 号线 functional 实习 RSi Team Intern our Service related written skills 徐家汇 转正 同学 提供 零售 接触 英语水平,2019/7/31,1,0,0,0,0,0
数据分析实习生,Datatist,云计算/大数据,上海,150,225,300,4,5,数据 能力 Mentor SQL 岗位职责 编程语言 计划性 逻辑思维 海量 积极主动 分项 熟练 问题 一门 关联 挖掘 敏感 结论 沟通 较强,2018/6/12,1,1,0,0,0,0
数据分析实习生,滴滴出行,数据库,北京,200,230,260,4,4,优先 数据 Excel 经验 业务 数据报表 熟悉 痛点 计算机相关 SQL Hive Python 统招 岗位职责 表达能力 熟练掌握 建模 理工科 独立思考 逻辑思维,2018/6/12,1,1,1,1,0,0
数据分析实习生,多益网络,数据挖掘,广州,100,110,120,3,3,实习 提供数据 优先 需求方 沟通 数据分析 能力 游戏 工作 以及 取数 sql hive java scala python 良好 暑期 全职 表达能力,2018/6/4,1,1,0,1,0,0
数据分析师助理,华彬立成,分析/调研,北京,50,75,100,4,5,药学 工作 优先 医药 3.5 SQL SPSS Excel Python 至少 预处理 本科生 数据分析 基础 结构化 数据处理 数据库 硕士 踏实 严谨,2018/10/1,1,1,1,1,1,1
数据分析师助理,华彬立成,分析/调研,上海,50,75,100,4,5,药学 工作 优先 医药 3.5 SQL SPSS Excel Python 至少 预处理 本科生 数据分析 基础 结构化 数据处理 数据库 硕士 踏实 严谨,2018/10/1,1,1,1,1,1,1
数据分析实习生,滴滴出行,数据挖掘,北京,150,175,200,5,4,数据分析 数据挖掘 SQL 全勤 Python 19 20 Tableau 进行 需求 洞察力 业务部门 能力 分析 有加 使用 硕士 实习 根据 熟练,2018/6/7,1,1,0,1,0,0
数据分析实习生,人人网,数据库,上海,80,90,100,3,3,数据报表 风控 数据 模型 数据分析 能力 业务 优先 分析 协助 文字处理 意识 爬取 SQL Python 岗位职责 决策树 提供数据 大四 熟练掌握,2018/6/24,1,1,0,1,0,0
数据分析实习生,华彬立成,产品助理,上海,80,90,100,4,16,数据检索 excel 岗位职责 药学 本科生 能力 数据处理 要求 学历 数据库 批量 熟练 踏实 工作 严谨 岗位 每周 软件 协助 资格,2019/5/17,1,0,0,0,0,1
数据分析实习生,映客直播,产品助理,北京,130,145,160,4,5,数据 数据仓库 建模 业务 熟练 职位 能力 数据报表 熟悉 方及 研一 研二 SQL Hive Python 抗压 统计 可视化 大二 独当一面,2018/6/12,1,1,0,1,0,0
数据分析实习生,一点资讯,分析/调研,北京,150,165,180,5,5,数据 数据分析 洞察 优先 数据挖掘 SQL Tableau Python 入职 天及 以上学历 积极主动 分析 相关 统计学 本科 发现 熟练 报表 工作,2018/6/11,1,1,0,1,0,1
数据分析实习生,一点资讯,软件,北京,150,225,300,5,3,数据 业务 数据分析 分析 需求 能力 日常 逻辑 产品化 信管 具备 竞品 专业本科 Excel PPT SQL SPSS SAS 管理决策 专题研究,2018/6/23,1,1,1,0,1,1
数据分析实习生,竞越顾问,分析/调研,上海,120,135,150,3,4,实习 职位 认真仔细 工作 CRM EXCEL 优秀者 暑期 在校生 留用 接受 寒假 指令 营销 日常 协助 其它 熟悉 做好 配合,2018/6/20,1,0,0,0,0,0
数据分析实习生,万科,数据挖掘,深圳,100,110,120,4,3,实习 主流 数据挖掘 工具 SPSS Excel 暑期 表达能力 熟练掌握 数理统计 逻辑思维 统计分析 数据分析 计算机科学 统计学 熟练 办公 岗位 职位 优先,2018/6/21,1,0,1,0,1,0
数据分析实习生,海康威视,分析/调研,杭州,100,110,120,4,3,实习 优先 数据 协助 专业 office excel 岗位职责 财会 全职 表达能力 熟练掌握 考虑 部门 应届 完成 分析 在校 提炼 时间,2018/8/22,0,0,0,0,0,0
数据分析实习生,RS,客服,上海,130,140,150,3,3,协助 听说读写 Excel PPT 人民广场 良好 客服部 以上学历 人际 责任心 数据分析 能力 流利 本科 熟练 工作 跟进 实习生 英文 任职,2018/6/8,1,0,1,0,0,1
数据分析实习生,广发基金,基金,广州,100,110,120,3,3,数据分析 SQl python 岗位职责 开发 留用 暂无 语句 以上 实习 熟练 工作 岗位 每周 任职 资格 意识 掌握 至少 负责,2018/9/23,1,0,0,1,0,0
数据分析实习生,亿腾医药,生物医疗,上海,100,110,120,3,15,申诉 主管 协助 销量 各类 整理 工作 Excel SPSS SAS 统计 录入 交办 大专 在校学生 更佳 文档 统计分析 数据 统计学,2018/9/30,1,0,1,0,1,0
数据分析实习生,快手,运营,北京,100,125,150,5,3,python hadoop 计算机系 脚本语言 hive 候选人 优先 男女 考虑 或者 了解 要求,2018/6/24,1,0,0,1,0,0
数据分析实习生,触宝,数据库,上海,180,190,200,3,3,业务 数据 数据分析 工具 实习 优先 监控 分析 一周 19 Excel SQL Linux Python 至少 结合 推进 暑期 熟练掌握 以上学历,2018/8/24,1,1,1,1,0,0
数据分析实习生,交复医学,数据挖掘,武汉,150,175,200,5,3,数据分析 实习 工作 30 可视化 掌握 周六 创意 技能 每周 软件 数据 珞珈 一定 往期 Python Echarts DataV 天及 100,2018/12/31,0,0,0,1,0,0
数据分析实习生,滴滴出行,算法,北京,200,230,260,5,8,数据 能力 实习 业务 基于 数据挖掘 数据服务 重点高校 理解 SQL 18 学习 快速 抗压 以上学历 逻辑思维 独立思考 浓厚兴趣 或能 责任心,2018/6/30,1,1,0,0,0,0
数据分析实习生,滴滴出行,数据库,杭州,150,175,200,4,6,建模 分析 擅长 数据 协助 使用 地点 多元回归 熟悉 时间 司乘 SQL Python EXCEL VBA 区西溪 熟悉业务 抗压 编程语言 统计,2018/6/8,0,1,0,1,0,0
数据分析实习生,五八到家,分析/调研,北京,150,175,200,5,3,数据分析 业务部门 优先 BI SQL Excel SAS SPSS Python 提供数据 抗压 理解能力 熟练掌握 能力 计算机科学 相关 数据 任一 统计学 熟练,2018/6/24,1,1,1,1,1,0
数据分析实习生,卓越律商,分析/调研,深圳,150,175,200,5,3,数据分析 能力 分析 报告 采集 优先 能够 思维 相关 数据 团队 运营 开展调研 具备 经管类 理工类 岗位职责 观点 以上学历 逻辑思维,2018/12/31,1,0,0,0,0,0
数据分析实习生,易车互联,产品,北京,100,110,120,4,3,数据 业务 BI 验证 函数 数据源 沟通 产品 数据模型 平台 多维度 实习期 SQL Hive Excel vlookup sumif sumproduct index match,2018/6/6,1,1,1,0,0,0
数据分析实习生,贪玩游戏,分析/调研,广州,100,125,150,5,3,数据分析 全勤奖 福利 年终奖 薪资 需求 分析 调研 游戏 团建 沟通 运营 用户 数据挖掘 员工福利 17 18 可加分 生日会 岗位职责,2018/6/6,1,0,0,0,0,0
数据分析实习生,科大讯飞,数据挖掘,合肥,80,90,100,5,3,相关 2019 留用 数据 表格 统计学 熟练 毕业生 职责 优先 数学 整理 现有 专业 工具 负责 统计 机会 分析 基本,2018/6/7,0,0,0,0,0,0
数据分析实习生,广州银行信用卡中心,银行,广州,80,90,100,5,3,实习 数据 数据表 更新 分析模型 研一 EXCEL 表达清晰 岗位职责 至少 负责 客服部 理解能力 可视化 熟练掌握 逻辑性 交办 复核 大三 临时性,2018/6/7,1,0,0,0,0,0
数据分析实习生,安客诚信息,数据挖掘,上海,120,130,140,4,7,Excel 实习 以及 JD PPT routine report ad hoc 信息管理 投递 市场营销 相关 数据 钻研 统计学 本科 工作 起码 每周,2018/6/4,1,0,1,0,0,1
数据分析实习生,一条视频,云计算/大数据,上海,100,100.5,101,3,6,计算机专业 excel SQL PS 巨鹿路 417 2018 12 号线 沟通交流 帮助 理解能力 漕河泾 录入 内容 更佳 文档 分析 数据 数据处理,2018/6/4,1,1,0,0,0,0
数据分析实习生,DKSH,销售支持,上海,149,149.5,150,3,8,协助 职位 读写能力 Office 有条理 大二 校对 录入 在读 文档 大三 相关 上级领导 表格 四级 汇总 熟练 细心 工作 每周,2018/6/22,1,0,0,0,0,0
数据分析实习生,宜信财富,运营,上海,100,110,120,5,3,能力 较强 数据分析 方案 团队 数据挖掘 工作 专业 调妍 竞品 岗位职责 抗压 本职工作 达到目标 市场调研 交办 执行力 逻辑思维 绩效考核 洞察力,2018/6/6,1,0,0,0,0,0
数据分析实习生,学大教育,数据挖掘,西安,100,110,120,2,5,数据分析 职位 基于 数据挖掘 数据模型 理解 SQL python 快速 理论知识 浓厚兴趣 或能 业务部门 数据 好奇心 优先 自我 挖掘 驱动 深度,2018/9/30,0,1,0,1,0,0
数据分析实习生,快钱公司,销售支持,北京,100,125,150,3,3,负责 运营 实习 互联网 日常 团队 沟通 协调 工作 岗位职责 以上学历 本科生 处理结果 内容 分布 在读 合理化 行业 工作效率 重点项目,2018/6/18,1,0,0,0,0,1
数据分析实习生,拉卡拉金融公司,金融,广州,100,110,120,3,4,报表 优先 数据处理 本科 考虑 相关 数据 SAS SQL excel 岗位职责 提升 以上学历 交办 需求 业务 在读 统计分析 完成 临时性,2018/6/9,1,1,0,0,0,1
数据分析实习生,哔哩哔哩,数据挖掘,上海,100,110,120,5,8,数据 广告 平台 数据仓库 DW BI Sense 建模 逻辑推理 数据分析 数据处理 具有 报表 对接 业界 落地 职位 解读 职责 善于,2018/6/20,1,0,0,0,0,0
数据分析实习生,奔驰,机械制造,北京,120,135,150,5,6,18 实习 职位 数据 外部 月初 限量供应 工作 入职 10 excel ppt 3000RMB 500 朝九晚 日程安排 果盘 梅赛德斯 支持性 全职,2018/6/5,1,0,0,0,0,0
数据分析实习生,山水比德,分析/调研,广州,80,90,100,5,10,工作 2019 Office EXCEL TOP5 财会 负责 以上学历 数据资料 大专 砖厂 责任心 接洽 履约 统计学 熟练 创意 协作 严谨 任职,2018/10/31,1,0,0,0,0,0
数据分析实习生,CDP,分析/调研,上海,110,115,120,3,3,Excel SPSS 工作 上级 软件 运用 鲁班路 600 岗位职责 大四 逻辑思维 黄浦区 大三 数据分析 熟练 筛选 细致 地址 任职 交代,2018/9/30,1,0,1,0,1,0
数据分析实习生,英特尔,软件,北京,155,212.5,270,5,6,data 155 270 analyzing sales analysis strong analytical skills web experience 实习 办公 地点 Description Responsibilities may quite diverse technical,2018/6/4,1,0,0,0,0,0
数据分析实习生,陈家坪会展中心,运营,重庆,90,93,96,5,3,实习 职位 excel2 暑期 可视化 完成 数据分析 上岗 数据 熟练 交代 上级 辅助 日常 尽快 负责 统计 任务 操作 接受,2018/6/13,0,0,0,0,0,0
数据分析实习生,Udacity,分析/调研,上海,130,145,160,4,4,优先 实习 协助 优化 网站 数据 工作 流量 免费 产品 数据挖掘 熟悉 test sql python Google Analytics Omniture 软饮 访客,2018/6/30,1,1,0,1,0,0
数据分析实习生,瑞曦科技,云计算/大数据,北京,200,210,220,5,3,SQL 熟悉 精通 数据挖掘 Oracle MS MY No mongodb redis Linux Unix Java Python Scala 聚类 经验 开发 问答 数据库,2018/6/11,1,1,0,1,0,0
数据分析实习生,Billerudkorsnas,数据库,深圳,150,175,200,5,13,大四 大三 数据分析 维护 能力 读写能力 双休 实习期 ERP Excel 我司 毕瑞科纳 班制 日薪 150 抗压 面议 认真负责 全职 薪资,2018/8/1,1,0,1,0,0,0
数据分析实习生,李宁,分析/调研,北京,100,110,120,3,3,工作 VI 统招 excel PPT 天及 性格开朗 认真负责 以上学历 数据分析 管理部 本科 熟练 每周 任职 职责 协助 专业 至少 成本,2018/6/8,1,0,0,0,0,1
数据分析实习生,超越自然,分析/调研,深圳,100,125,150,3,6,实习 数据 分析 要求 生成 微博 Excel PPT office 110 150 临深 暑期 销售 接受 报告 在校学生 应届 第一手 汇总,2018/6/16,1,0,1,0,0,0
数据分析处理工程师,航宇科技,客户服务,西安,100,150,200,2,3,实习 岗位职责 沟通交流 暑期 以上学历 大专 责任心 文档 能力 分析 相关 数据 影像 细心 协作 编写 图像 职位 任职 提取,2018/6/14,0,0,0,0,0,0
数据分析与挖掘,Teradata天睿信科,咨询/顾问,全国,120,160,200,4,3,优先 数据挖掘 运用 Excel SPSS SAS Python SQL 情报学 硕士生 自然语言 博士生 统计学 文本 熟练 软件 挖掘 脚本 数学 熟悉,2018/6/30,0,1,1,1,1,0
商业数据分析专员,凤凰金融,数据库,北京,107,128.5,150,5,3,熟练 优先 风控 计算机相关 excel sql 岗位职责 大学本科 以上学历 征信 数据分析 相关 数据 使用 管理工作 规范化 硕士 欺诈 标准化 任职,2018/6/14,1,1,0,0,0,1
数据分析实习生,新美互通,软件,北京,147,173.5,200,4,8,用户 优先 数据 善于 数据报表 产品 熟悉 多维度 SQL Shell Pyhton 计算机相关 岗位职责 统计 建模 更佳 数据分析 分析 熟练 最少,2018/6/14,1,1,0,0,0,0
数据分析实习生,网易,软件,北京,200,210,220,5,6,数据分析 工作 业务 业务部门 优先 提供 掌握 18 19 SQL SPSS Excel SAS 至少 客户端 表达能力 以上学历 指标体系 洞察 相关,2018/6/14,1,1,1,0,1,0
数据分析实习生,威士伯涂料,客服,佛山,100,125,150,5,6,销售 数据报表 应届生 Office 岗位职责 负责 以上学历 大专 熟练 细心 客户服务 跟进 进度 岗位 耐心 软件 更新 意识 面对 良好,2018/6/30,0,0,0,0,0,0
数据分析实习生,滴滴,数据挖掘,北京,200,225,250,4,6,数据 能力 职位 业务 基于 数据挖掘 数据服务 重点高校 理解 SQL 学习 快速 以上学历 组织协调 逻辑思维 独立思考 浓厚兴趣 或能 责任心 业务部门,2018/8/31,1,1,0,0,0,0
数据分析实习生,新美互通,软件,北京,200,250,300,4,8,数据分析 数据 统计 支持 提取 善于 熟悉 工作 多维度 计算机相关 SQL Shell Pyhton 可视化 建模 需求 更佳 主要职责 分析 熟练,2018/6/13,1,1,0,0,0,0
数据分析实习生,芒果TV,运营,长沙,1,1.5,2,5,5,EXCEL 熟练掌握 数据 每周五 工作 具备 基本操作 SPSS 常规性 数据管理 统计 收视 认真负责 薪资 逻辑思维 报告 统计分析 数据分析 功底 巡检,2018/6/30,0,0,0,0,1,0
数据分析实习生,立信股份,分析/调研,重庆,70,85,100,5,4,工具软件 种及 SPSS SAS Windows Office excel 岗位职责 表达能力 市场营销 统计分析 数据处理 统计学 踏实 协作 精通 搜集 做事 办公 社会学,2018/6/6,0,0,0,0,1,0
数据分析实习生,图特科技,软件,杭州,100,115,130,5,5,熟悉 脚本语言 计算机相关 SQL Python Perl 良好 编程 数据库 责任感 任职 职责 优先 团队 评估 常见 整理 习惯 专业 掌握,2018/7/1,0,1,0,1,0,0
HR数据分析专员,海康威视,运营,杭州,100,110,120,4,6,数据分析 招聘 数据 数据模型 excel SPSS 岗位职责 表达能力 逻辑性 以上学历 执行力 管理科学 及时发现 统计学 本科 熟练 解决方案 工作 耐心 任职,2018/9/30,0,0,0,0,1,1
数据分析实习生,滴滴出行,云计算/大数据,北京,200,225,250,4,6,AB 产品 上线 优先 模型 实验 库表 hive SQL linux Python 效果 预测 策略 假设检验 实验设计 融会贯通 勤奋好学 指标体系 统计分析,2018/11/30,1,1,0,1,0,0
助理数据分析师,PKFARE比客,算法,深圳,150,175,200,5,3,计算机专业 数据模型 岗位职责 大学本科 建模 擅长于 以上学历 数据分析 统计学 任职 优先 英语 逻辑 敏感 清晰 资格 优秀 专业 学习 工程,2018/12/31,1,0,0,0,0,1
数据分析实习生,东峡大通(北京)管理咨询有限公司,其他类型,北京,120,145,170,4,5,数据分析 精通 优先 能力 分析 数据 埋点 为业 Excel SQL HIVE Python SPSS 方案 提供数据 专业技能 表达能力 以上学历 基础知识 项目管理,2018/6/30,1,1,1,1,1,0
数据分析实习生,平安科技,软件,上海,200,250,300,5,4,分布式计算 熟悉 信息提取 特征提取 python NLP spark 岗位职责 负责 从优 参与 金融 海量 图谱 相关 产品开发 数据 人工智能 结构化 文本,2018/6/30,1,0,0,1,0,0
助理数据分析师,软科教育,咨询,上海,100,120,140,2,3,工作 数据 员工 补贴 整理 获取数据 应届生 餐费 带薪 基本操作 Excel 软科 软科为 羽球 简单 尤佳 千百 千百万 烧烤 能力,2018/12/31,1,0,1,0,0,0
数据分析实习生,李宁（中国）体育用品,分析/调研,北京,100,110,120,5,6,VI 统招 excel PPT 性格开朗 以上学历 数据分析 管理部 本科 熟练 任职 职责 协助 专业 成本 空间 稳定 要求 工作 进行,2018/6/30,1,0,0,0,0,1
数据分析实习生,飞利浦,光电,上海,112,120,128,3,5,management data monthly hour before tax Bachelor analysis report out etc Job Department Business Transformation drive Quality Excel lence Capabilities,2019/6/29,1,0,1,0,0,0
数据分析实习生,滴滴,云计算/大数据,北京,200,230,260,4,6,指标 能力 优先 重点高校 库表 SQL Linux 计量经济学 以上学历 组织协调 逻辑思维 独立思考 浓厚兴趣 在读 责任心 业务部门 数据分析 聪敏 饥渴 缜密,2018/8/31,1,1,0,0,0,0
数据分析实习生,律动乐器,不限,北京,140,145,150,5,4,数据分析 电脑操作 word excel 岗位职责 上进心 方案 充满热情 思维能力 责任心 业务部门 职业道德 分析 相关 数据 提出 熟练 敏锐 报表 工作,2018/6/23,1,0,0,0,0,0
数据分析实习生,百度,数据库,北京,150,175,200,4,12,ppt 数据 日常 数据报表 数学 sql 满足 至少 分析师 逻辑性 数据分析 功底 相关 数据处理 数据库 熟练 工作 感兴趣 办公 发送,2018/12/31,1,1,0,0,0,0
数据分析实习生,FESCO,市场,上海,100,125,150,5,4,熟练 英语 软件 DDI Excel word PowerPoint 听说读写 托业 岗位职责 良好 大学本科 数据系统 人际交往 能力 数据 管理 药店 使用 集成,2018/7/31,1,0,1,0,0,1
大数据分析师,大通天成,数据挖掘,北京,100,124.5,149,5,8,职责 数据 沟通 用户 Java Python C++ Hadoop 上进心 负责 编程语言 良好 求知欲 表达能力 熟练掌握 建模 行为 数据结构 逻辑思维 海量,2019/4/17,1,0,0,1,0,0
数据分析实习生,广州银行信用卡中心,运营,广州,80,80.5,81,4,3,报表 数据分析 业务 运营 熟悉 SAS office 岗位职责 优秀者 以上学历 执行力 全日制 逻辑思维 支持 统计学 本科 实习 根据 按时 编写,2018/7/10,1,0,0,0,0,1
数据分析实习生,滴滴出行,云计算/大数据,北京,200,230,260,4,6,数据 能力 业务 优先 基于 数据挖掘 数据服务 重点高校 理解 SQL Linux 2019 以上学历 组织协调 逻辑思维 独立思考 浓厚兴趣 责任心 业务部门 海量,2018/6/30,1,1,0,0,0,0
数据分析实习生,滴滴出行,软件,北京,200,230,260,4,7,数据 能力 职位 业务 优先 基于 数据挖掘 数据服务 重点高校 理解 SQL Linux 2019 以上学历 组织协调 逻辑思维 独立思考 浓厚兴趣 责任心 业务部门,2018/7/31,1,1,0,0,0,0
金融数据分析师,上海富钜,不限,上海,100,130,160,3,4,熟悉 Matlab SQL 期货 开发 以上学历 金融 项目管理 在读 金融学 数据分析 能力 编程 计算机科学 分析 工程学 数据库 硕士 本科 工作,2018/6/30,1,1,0,0,0,1
数据分析实习生,杭州数梦工场科技有限公司,其他类型,杭州,150,225,300,4,10,sql 开发 熟悉 算法 能力 团队 java python oracle my 以上学历 逻辑思维 文档 实现 数据库 硕士 工作 一种 场景 编写,2018/10/28,0,1,0,1,0,0
数据分析实习生,TalkingData,咨询,北京,150,175,200,4,10,协助 工作 优先 数据 行业 敬业精神 其他 专业 具备 Office Excel PPT SQL Python 优秀者 商业 在校生 辅助性 敏感度 功底,2019/5/12,1,1,1,1,0,0
数据分析实习生,滴滴出行,软件,北京,150,205,260,4,6,熟练 数据 对应 滴滴 使用 独角兽 离线 工具 Excel SQL SPSS Stata Tableau 研一 研二为 制定 岗位职责 抗压 信息科学 可视化,2018/7/31,1,1,1,0,1,0
大数据分析工程师,凤凰新媒体,软件,北京,150,175,200,4,9,优先 数据分析 实习 熟悉 应届生 ppt sql excel python shell hadoop hive mapreduce offer 985 211 负责 凤凰网 客户端 可视化,2018/7/1,1,1,0,1,0,0
数据分析实习生,携程,数据库,上海,150,185,220,5,3,业务 数据 洞察力 数据分析 优先 能力 团队 熟悉 工具 BI 地为 Hive SQL EXCEL PPT Python SAS 体系 以上学历 思维能力,2018/8/24,1,1,0,1,0,0
数据分析实习生,中评信用,云计算/大数据,北京,120,135,150,5,3,工作 完成 上岗 培训 数据 行业资讯 要求 数学 excel sql 计量经济学 大四 评审会 金融 征信 更佳 研讨 数据库 本科 实习,2018/9/1,1,1,0,0,0,1
数据分析师助理,有时数联,云计算/大数据,北京,100,125,150,3,11,专业 或者 能够 数学 计算机专业 英语水平 Java C++ Phython Matlab CET6 良好 刻苦钻研 全职 建模 数理统计 读写 学习成绩 数据分析 编程,2018/7/12,1,0,0,0,0,0
数据分析实习生,汽车之家,数据挖掘,北京,140,160,180,4,4,要求 专业 计算机相关 office SQL 岗位职责 认真负责 理解力 逻辑思维 在校学生 能力 语句 勤奋 统计学 学历 硕士 实习 熟练 细心 踏实,2018/6/30,1,1,0,0,0,0
数据分析实习生,携程,其他类型,上海,100,150,200,4,7,熟悉 sql 数据分析 算法 任职 工作 语言 985 211 研一 研二为 my hive server shell 聚类 SVM kmeans python SAS,2018/11/2,1,1,0,1,0,0
数据分析实习生,一起作业网,产品,北京,150,175,200,3,9,熟练掌握 查询 数据 日常 计算机相关 My sql oracle excel PPT HTML CSS Java script 岗位职责 良好 进取心 大学本科 以上学历 业务,2018/7/31,1,1,0,0,0,1
数据分析实习生,携程,其他类型,上海,150,175,200,4,9,熟悉 sql 数据分析 算法 任职 工作 语言 985 211 研一 研二为 my hive server shell 聚类 SVM kmeans python SAS,2018/10/4,1,1,0,1,0,0
数据分析实习生,携程,算法,上海,150,175,200,4,10,熟悉 sql 数据分析 算法 语言 985 211 研一 研二为 my hive server shell 聚类 SVM kmeans python SAS office 天及,2018/11/2,1,1,0,1,0,0
数据分析/数据挖掘工程师实习生,VIPKID（大米未来）,云计算/大数据,北京,150,178,206,5,6,业务 产品 数据挖掘 sql python 支持 指标体系 拆解 能力 过硬 数据 重点项目 基本概念 统计学 算法 专题 技能 挖掘 输出 沟通,2018/6/20,1,1,0,1,0,0
数据分析实习生（广告分析方向）,三七互娱,分析/调研,广州,100,125,150,4,8,数据分析 游戏 数据 广告投放 能力 优先 广告 分析 相关 日常 沟通 数据挖掘 工作 专业 手游 Excel 上进心 条理清晰 表达能力 以上学历,2018/6/18,1,0,1,0,0,0
HR Intern- 数据分析,科思创（Covestro）,人力资源,上海,100,110,120,3,8,data processing skill Position HR Business Support Intern Tasks Conduct validation based raw extracted SAP Workday Provide regular ad hoc,2018/8/31,1,0,0,0,0,0
高通量测序数据分析工程师,交复医学,生物医疗,上海,200,250,300,3,4,测序 高通量 试用期 号楼 科研 上海市 熟悉 零号 杨浦区 交复 951 711 密云路 1018 10 乙东 301 88 楚峰 4607,2018/8/31,1,0,0,0,0,0
大数据分析实习生,地比图,数据库,青岛,150,200,250,5,3,研发部门 岗位职责 暑期 技术难题 参与 总体设计 项目管理 归类 攻关 数据 高质量 实习 评审 流程 职位 代码 测试 积累 详细 配合,2018/6/10,0,0,0,0,0,0
数据分析师实习生,京东,商务,北京,110,125,140,5,3,业务 数据 基本原理 实习 分析 深度 数据源 数据挖掘 熟悉 组合分析 Excel 岗位职责 团队精神 提供数据 良好 暑期 收集整理 以上学历 在校生 深入分析,2018/6/15,1,0,1,0,0,0
智能数据分析实习生,新华智云,数据库,北京,120,135,150,4,3,数据 数据分析 业务 分析 产品化 爬取 Excel SPSS SAS 学历者 新闻 岗位职责 建模 理工科 版块 运筹学 能力 功底 洞察 产品,2018/6/15,1,0,1,0,1,0
数据分析初级实习生,博彦科技,数据库,西安,80,90,100,5,6,舆情 实习 岗位 职位 工作 应届生 EXCEL PPT 岗位职责 背景 抗压 项目经理 以上学历 汇报工作 大专 寒假 枯燥 琐碎 功底 筛查,2018/9/30,0,0,0,0,0,0
智能数据分析实习生,海尔,Python,上海,100,110,120,4,12,展现 相关 AI 数据 建模 工作 数据分析 实习 优先 沟通 具备 客户 ETL 图像识别 SQL Python SPSS SAS 岗位职责 经验,2018/6/15,1,1,0,1,1,0
金融数据分析实习生,搜狗,金融,北京,160,179.5,199,4,3,风控 优先 数据分析 数据 分析 具备 经验 能力 软件 完整 包括 项目分析 Hive SQL SAS Python VBA excel ppt word,2018/6/11,1,1,0,1,0,0
数据分析与内容编辑,乐职网,内容运营,合肥,100,110,120,3,3,数据分析 数据 撰写 报告 内容 实习 办公 英语 软件 调研 基于 各类 开展调研 Excel Word PPT 阅读 暑期 社群 核心成员,2018/7/1,0,0,1,0,0,0
财务数据分析实习生,上海立信会计师事务所,财务,上海,50,75,100,5,3,立信 财务数据 实习 能力 软件 认真细致 专业 维一 计算机相关 Office 东诸安 165 良好 暑期 理解能力 浏览器 以上学历 观察力 语言表达 应变能力,2018/6/20,1,0,0,0,0,0
数据分析师实习生,触宝,Ruby/Perl,上海,200,250,300,5,8,业务 数据 数据分析 工具 优先 监控 分析 一周 19 Excel SQL Linux Python 至少 结合 推进 熟练掌握 以上学历 解决 浓厚兴趣,2018/7/31,1,1,1,1,0,0
数据分析运营实习生,琥珀创想,产品运营,北京,130,140,150,4,4,实习 数据 勿扰 传送 技能 日常 数据报表 欢迎 工作 小姐姐 专业 夹心饼干 北苑 统招 excel 小达 SQL 懒癌 管饱 大牛带,2018/6/29,1,1,0,0,0,0
ERP数据分析实习生,manpower,IT运维,上海,150,175,200,3,4,工作 系统 熟练 使用 各类 ERP 数据录入 Excel 为佳 可谈 至少 校验 薪资 留用 独立思考 能力 数据 供应链 细心 报表,2018/6/14,1,0,1,0,0,0
金融类数据分析助理,阿博茨科技,产品,南京,110,165,220,4,4,图谱 知识 优先 实习 协助 行业 产品 模型库 研究 整理 竞品 岗位职责 暑期 以上学历 信息 金融 分析 数据 金融类 本科,2018/6/30,0,0,0,0,0,1
数据分析师实习生,犀语科技,Python,上海,150,225,300,4,12,数据分析 建模 相关 数据 数据处理 业务 优先 能力 收集 分析 较强 语言 Python SQL 岗位职责 负责 经验 开发 以上学历 海量,2018/6/11,1,1,0,1,0,0
数据分析企划实习生,米思米,数据库,上海,184,192,200,3,5,数据挖掘 实习 分析 数据 数据库 人际沟通 128 10 汉中路 23 x8 184 Python SQL tableau html UI 2018 400 24,2018/8/31,1,1,0,1,0,0
电商数据分析实习生,恒源祥,市场,上海,130,145,160,3,9,电商 熟练 OFFICE EXCEL 100 岗位职责 事务性 逻辑性 黄浦区 在读 责任心 大三 数据 工作效率 男生 汇总 本科 南路 工作 感兴趣,2018/10/1,1,0,0,0,0,1
行业大数据分析师,昆仑数据,软件,北京,300,400,500,5,6,数据分析 数据挖掘 算法 岗位 优先 行业 精通 程序开发 典型 并行计算 Spark Hadoop SAS SPSS Modeler Weka Java C++ 2.985 211,2018/6/13,1,0,0,0,1,0
飞利浦照明数据分析实习生,飞利浦照明,数据库,上海,112,128,144,3,3,飞利浦 Philips Light help lighting safety Lighting 照明 本科 上海 田林 JB2137 Data Analysis Intern 东浩 888 号楼 号线 路站,2018/6/30,1,0,0,0,0,1
销售数据分析实习生,利宝保险,分析/调研,重庆,70,80,90,3,3,数据分析 报表 掌握 计算机相关 SQL SAS Excel VBA 精算 专业技能 大学本科 以上学历 业务 分析 分支机构 精通 职责 优化 计算机 知识,2018/6/14,0,1,1,0,0,1
数据分析师实习生,明动软件,数据挖掘,广州,230,300,370,4,15,数据挖掘 沟通 数据分析 统计学 能力 相关 本科学历 岗位职责 逻辑思维 报告 需求 文档 项目 数据 实现 分析方法 基本原理 算法 技术人员 场景,2019/7/24,1,0,0,0,0,1
数据分析（Intern）,彪洋科技,市场,北京,100,150,200,5,0,数据 能力 负责 网站 运营 具备 分析 优秀 数据分析 相关 职位 监测 客户 针对 外链 SPSS SAS Views 为佳 Microsoft,2018/6/11,1,0,0,0,1,0
私募基金数据分析师,视通财富,基金,北京,100,150,200,5,8,数据分析 算法 需求 业务 优先 进行 数据挖掘 熟悉 针对实际 应届生 专业本科 Excel Python 岗位职责 学习 熟练掌握 逻辑性 开源 以上学历 语言表达,2018/6/11,1,0,1,1,0,1
数据分析部门实习生,绿色和平,NGO公益,北京,50,75,100,2,10,实习 绿色 和平 环保 能力 传播 工作 岗位 可视化 协助 感受 相关 数据 志愿 灵感 邮件 面试 行动 我们 招聘,2018/6/29,1,0,0,0,0,0
运营数据分析实习生,宜通世纪,通信,广州,100,125,150,5,3,数据分析 实习 业务 能力 挖掘 运营 数据模型 写作能力 SPSS 岗位职责 负责 暑期 推动 接受 财务会计 责任心 文档 敏感度 项目 分析,2018/6/12,1,0,0,0,1,0
日语股票数据分析员,晨星资讯,金融,深圳,120,180,240,5,3,data process work collection system market English Accounting timely equity quality technical department issues methodology related above Proficient reading good,2018/9/30,1,0,0,0,0,0
data analyst/数据分析,法兴华宝,运营,上海,100,107.5,115,2,14,驾驶员 读写能力 灵活处理 DN Excel 岗位职责 薪资 有条理 熟练掌握 以上学历 录入 及时性 责任心 加班 本科 细心 报销 出具 做事 办公,2018/6/12,1,0,1,0,0,1
数据分析师实习生,中民新光,法务,上海,140,145,150,3,3,协助 优先 风险 考虑 实习 计量 能力 分析 模型 数据挖掘 具有 各类 财管类 EXCEL MATLAB SAS SPSS 人际交往 以上学历 全日制,2018/6/11,1,0,0,0,1,0
数据分析工程师实习生,宽投资产,金融,上海,100,125,150,4,21,实习 数据 量化 岗位 优先 可视化 熟练掌握 协助 经验 工程师 一门 研究员 认真细致 工作 应届生 平台 语言 四川北路 虹口区 SQL,2020/12/31,1,1,0,0,0,0
BI数据分析实习生,Intel,软件,北京,200,224.5,249,4,6,数据分析 实习 业务 互联网 工作 协作 优先 数据 数据服务 定位问题 有创造力 专业 任你选 BI powerpoint excel 保研 英语六级 500 PS,2018/6/24,1,0,0,0,0,0
管培生（数据分析）,纷领科技,云计算/大数据,成都,100,150,200,5,3,数据分析 薪资 建模 用户 具备 画像 福利 运营 优化 带薪休假 1.2017 2018 5K 8K 六险 一金 岗位职责 职级 良好 年终奖,2018/6/24,0,0,0,0,0,0
数据分析师实习生,百分点科技,数据挖掘,北京,150,175,200,4,6,分析 业务 挖掘 能力 撰写 优先 熟悉 工作 专业 具备 sql SAS 岗位职责 重点 报告 考虑 应届 在读 责任心 数据分析,2018/6/4,1,1,0,0,0,0
数据分析专员实习生,万联电商,数据挖掘,北京,100,150,200,5,19,数据 业务 数据分析 分析 专业 结果 能力 定期 具备 Excel SQL PPT 核心 优先级 以上学历 逻辑思维 精益求精 报告 指标体系 责任心,2018/6/23,1,1,1,0,0,0
大数据分析实习生,优必爱,云计算/大数据,北京,100,150,200,5,3,联网 数据分析 专项 分析 充满 实习期 跨界 Python SQL 岗位职责 业务 相关 产品开发 数据 要求 统计学 算法 熟练 主动性 欲望,2018/6/18,1,1,0,1,0,0
HR数据分析实习生,聚思鸿,人力资源,大连,100,110,120,5,4,Concentrix 应聘 实习 个人信息 能力 熟练 人员 保密 它途 职后 Office 及入 如未 个人资料 抗压 数据管理 应变能力 归类 严格遵守 数据分析,2018/6/11,0,0,0,0,0,0
数据分析师实习生,群星金融,云计算/大数据,上海,130,140,150,4,6,数据分析 优先 挖掘 熟练掌握 分析 数据 具备 实习 负责 验证 能够 相关 模型 信用 数据挖掘 数字 自学能力 专业 客户 聚类,2018/6/14,1,0,0,0,0,0
Aetna数据分析实习生,FA Talent,分析/调研,上海,100,125,150,3,3,数据 挖掘 能力 相关 运营 具备 SQL Python 有大 Hive Hbase 岗位职责 团队精神 抗压 经验 统计 良好 处理 建模 加分,2018/6/24,1,1,0,1,0,0
数据分析师实习生,中峰信达,新媒体,北京,120,130,140,5,3,实习 坐班 认真仔细 迟到早退 工作 东四环 2018 html 3000 模板 数据 数据处理 需要 招聘 岗位 实习生 采集 职责 培训 每月,2018/6/22,1,0,0,0,0,0
大数据分析师助理,地比图,数据库,青岛,150,205,260,5,5,研发部门 20 30 岗位职责 技术难题 私企 参与 大专 总体设计 项目管理 归类 攻关 国家电网 数据 学历 高质量 周岁 工作 评审 有无,2018/9/22,0,0,0,0,0,0
风控数据分析师,佰仟金融,金融,深圳,120,135,150,5,4,优先 数据 数据源 沟通 风控 优异者 SQL 查询语言 sas python 岗位职责 进行 信息管理 考虑 业务 对外部 海量 计算机科学 提供 统计学,2018/6/21,1,1,0,1,0,0
数据分析师实习生,旷视科技,数据库,北京,200,250,300,5,4,数据 业务 加分 产品 统计学 数据报表 运营 痛点 定位问题 埋点 SQL EXCEL Python AI 人脸识别 岗位职责 良好 深刻理解 维度 逻辑思维,2018/6/21,1,1,0,1,0,0
风控数据分析师,我来贷,风控,深圳,300,400,500,5,14,监控 数据 可疑 报表 异常情况 SQL Excel SAS 负责 抗压 以上学历 数据分析 风险 分析 及时发现 统计学 政策 管理工作 熟练 工作,2018/6/21,1,1,1,0,0,0
数据分析师助理实习,地比图,云计算/大数据,青岛,150,175,200,5,3,实习 研发部门 20 30 岗位职责 暑期 技术难题 私企 参与 大专 总体设计 项目管理 归类 攻关 国家电网 数据 学历 高质量 周岁 工作,2018/9/11,0,0,0,0,0,0
销售数据分析实习生,绿叶制药,市场,上海,100,125,150,3,21,数据 SFE EXCEL 出勤 大四 销售部 在读 大三 系统 数据分析 准确性 保持良好 统计学 市场部 核查 研究生 精通 流程 每周 职位,2018/6/30,1,0,0,0,0,0
大数据分析实习生,百度,数据挖掘,北京,200,210,220,4,6,Hadoop 职责 优先 数据 实习 岗位 沟通 用户 研发 数据挖掘 熟悉 需要 工作 Java Python C++ RD 2019 上进心 负责,2018/6/30,1,0,0,1,0,0
大数据分析实习生,广电银通,软件,广州,113,142.5,172,5,12,关联 平台 文档资料 数据测试 岗位职责 优秀者 负责 分析 数据 任职 转正 计算机 通信 整理 专业 统计 信息 相关 要求,2018/6/13,1,0,0,0,0,0
大数据分析实习生,红星美凯龙住建集采,市场,上海,120,135,150,3,3,实习 数据挖掘 1.2019 2020 商业 暑期 建模 逻辑思维 能力 分析 录用 硕士 细心 优异 职位 收集 管理层 沟通 表达 数学,2018/6/11,1,0,0,0,0,0
数据分析运营实习生,金融壹账通,产品运营,上海,138,139,140,3,3,业务 数据分析 沟通 运营 情况 Excel 至少 以上学历 理工科 能力 分析 学业 本科 敏捷 实习 熟练 感兴趣 资质 办公 每周,2018/6/9,1,0,1,0,0,1
大数据分析实习生,游族网络,产品运营,上海,130,135,140,4,3,数据分析 交付 撰写 能力 相关 数据 研究 office PPT excel 天及 岗位职责 出勤 表达能力 逻辑思维 报告 敏感度 定量分析 使用 实习,2020/12/31,1,0,0,0,0,0
游戏数据分析实习生,萌石科技,产品运营,北京,100,125,150,3,3,游戏 萌石 信息 业务 分析 数据源 运营 公众 数据挖掘 体系化 微信 经验 收集整理 以上学历 投递 机种 简历 业务部门 数据 本科,2018/7/27,1,0,0,0,0,1
数据分析师实习生,汇纳科技,数据挖掘,上海,100,110,120,3,3,工作 数据分析 数据 数据挖掘 工具软件 配合 应届生 Excel PPT 进行 以上学历 责任心 相关 开朗 本科 熟练 清洗 任职 优选 接收,2018/10/31,1,0,1,0,0,1
机器学习数据分析师,君泽利,软件,深圳,50,75,100,5,5,优先 机器 一流大学 回测 理工类 Github PS 优秀者 学习 投递 简历 方法 编程 数据 表现 实习 定时 熟练 细心 踏实,2018/12/31,1,0,0,0,0,0
运营分析实习生-数据分析方向(002458),卓望公司,运营,北京,100,115,130,4,3,业务 数据分析 熟练掌握 需求 统计学 规划 能力 软件 数据挖掘 数理学 专业 报及 Office Excel Word PPT Spss SOL 岗位职责 专题报告,2020/12/31,1,0,1,0,1,0
数据分析实习生/数据服务开发工程实习生,斑马,数据库,上海,200,250,300,3,3,数据分析 数据 熟练 服务 结果 产品 掌握 Python Matlab SQl excel3 ploty ggplot2 Tableau Infogram4 大学本科 可视化 以上学历 需求 业务,2018/6/30,1,0,0,1,0,1
数据分析工程师/实习生,大行简道资管,Python,深圳,240,250,260,4,15,熟悉 Python SQL 学习 数据分析 机器 各类 C# My 岗位职责 数据结构 在读 程序化 交易 基本 数据 高频 数据库 语法 研究生,2018/6/17,1,1,0,1,0,0
金融数据分析师实习生,世纪纵横,金融,北京,100,125,150,5,3,实习 期货交易 本科 毕业生 考核 优先 账户 往届 通过考核 试用期 统招 2019 office OA 员们 实盘 岗位职责 手把手 暑期 遵守纪律,2018/7/2,1,0,0,0,0,1
数据分析实习助理实习生,神州数码,软件,北京,80,115,150,5,3,建模 算法 数据挖掘 熟悉 模型 推荐 特征选择 分类 语言 聚类 MatLab SPSS Phthon 预测 交办 参与 数据分析 海量 能力 数据,2019/6/26,1,0,0,0,1,0
生物芯片数据分析实习生,交复医学,生物医疗,上海,150,225,300,3,4,实习 号楼 科研 上海市 数据库 零号 杨浦区 工作 分析 交复 天及 951 711 密云路 1018 10 乙东 301 30 交大,2018/8/31,1,0,0,0,0,0
运营数据分析师实习生,PPTV聚力,云计算/大数据,上海,95,115,135,4,8,数据分析 实习 熟练 能力 数据报表 EXCEL SQL word PPT 岗位职责 暑期 跨部门 并会 数据 使用 数据库 透视 影视 职位 日报,2018/9/15,1,1,0,0,0,0
数据分析（实习生）,元扈保险咨询,数据挖掘,上海,100,105,110,5,3,报表 优先 分析 提供 数据报表 数据挖掘 指标 岗位职责 提供数据 以上学历 全日制 应届 支持 相关联 数据分析 相关 工作效率 分析方法 本科 追踪,2018/12/1,1,0,0,0,0,1
数据分析及研究实习生,Red Pulse,分析师,上海,99,99.5,100,5,7,data research big machine learning financial markets fintech skills our technology work China working Excel 学习 研究 我们 机器 数据分析,2018/7/31,1,0,1,0,0,0
推广与数据分析实习生,青木科技,SEO,广州,100,125,150,3,5,推广 excel 运营 优化 熟练 店铺 电商 工具 效果 以上学历 理工科 切实可行 敏感度 数据分析 分析 提出 在校 本科 最优 协作,2018/6/11,1,0,0,0,0,1
实习生（数据分析）,美菜网,运营,上海,150,155,160,5,4,工作 数据分析 大区 相关 仔细认真 各仓作 Excel PPT 岗位职责 尚佳 经验 表达能力 以上学历 交办 执行力 专科 数据 准时 统计学 汇总,2018/6/21,1,0,1,0,0,0
运营及数据分析实习生,滴滴出行,运营,北京,150,175,200,5,6,业务 SQL 数据分析 优先 数据 沟通 优化 推广 司机 数据模型 定位问题 埋点 统招 excel SPSS Eviews 岗位职责 计量经济学 以上学历 了解,2018/6/24,1,1,0,0,1,0
数据分析师（实习）,酷家乐,软件,杭州,150,175,200,4,3,数据 海量 数据报表 分析 优先 建模 观察力 较强 运营 业务 能力 敏锐 岗位 家乐 优化 产品 用户 数字 专业 特征提取,2018/8/27,0,0,0,0,0,0
创新部数据分析实习生,欧尚,数据库,上海,150,155,160,3,9,数据 团队 工作 我们 数据分析 统计学 数据库 算法 愚蠢 清洗 超市 常规 代码 协助 想法 当中 必要 微信 80% 卡方,2019/2/28,1,0,0,0,0,0
运营及数据分析实习生,爱奇艺,运营,北京,150,225,300,5,12,数据分析 报表 CDN IDC 运营 熟悉 支持 优先 能力 较强 整理 liunx python 岗位职责 负责 统计 以上学历 逻辑思维 责任心 合理化,2018/6/24,1,0,0,1,0,0
数据分析助理工程师实习生,vivo,软件,深圳,180,202,224,5,3,互联网 埋点 工作 策划 业务 优先 数据 产品 熟悉 保证数据 BI 理工类 office linux hadoop 岗位职责 负责 以上学历 推动 环境,2018/6/8,1,0,0,0,0,0
大数据分析师实习生,青岛莱信,数据挖掘,青岛,150,175,200,5,4,研发部门 20 30 岗位职责 技术难题 私企 参与 大专 总体设计 项目管理 归类 攻关 国家电网 数据 学历 高质量 周岁 工作 评审 有无,2018/6/14,0,0,0,0,0,0
大数据分析工程师实习生,地比图科技,数据库,青岛,210,215,220,5,10,出差 双休 朝九晚五 工作 研发部门 20 30 后五险 一金 13 18 2500 4000 岗位职责 技术难题 福利待遇 私企 参与 大专 总体设计,2018/11/30,0,0,0,0,0,0
市场部数据分析实习生,百威英博,快消,广州,120,120.5,121,4,12,本科 优先 认真仔细 百威 实习期 英博 2017 12 Excel 建模 数据分析 事业部 数据 统计学 市场部 工作 实习生 每周 擅长 职责,2018/6/4,1,0,1,0,0,1
商业化数据分析实习生,字节跳动,运营,北京,100,100.5,101,5,3,数据分析 业务 熟练 需求 职位 软件 协助 数据报表 决策依据 多维度 2018 Excel OFFICE 推送 认真负责 以上学历 实际 模板 部门 应届,2018/10/31,1,0,1,0,0,0
市场部数据分析实习生,淡水河谷,分析/调研,上海,150,162.5,175,3,6,database skills PPT required Roles Responsibilities Intern Data collection steel iron ore markets terms price production inventory trade environmental issues,2018/6/11,1,0,0,0,0,0
数据分析助理/实习生,养心堂,分析/调研,北京,120,160,200,2,4,协助 工作 理工类 经管类 WORD PPT Excel vlookup 起薪 120 100 进行 大四 在校生 基本功能 欢乐谷 大三 数据分析 空闲 数据,2018/6/30,1,0,1,0,0,0
数据分析师助理实习生,IDC咨询,咨询,北京,90,105,120,4,3,实习 优先 优异者 岗位职责 资料 雅思 以上学历 托福 寒假 归类 二手 本科 职位 任职 留学 交代 英语 收集 一手 优秀,2019/1/31,1,0,0,0,0,1
人力管培生-数据分析方向,尚德机构,人事/HR,北京,100,125,150,5,9,招聘 工作 数据 报表 优先 分析 团队 操作技能 SOP 统招 985 211 Excel 岗位职责 良好 合作 有条理 以上学历 理工科 全日制,2018/6/30,1,0,1,0,0,0
数据分析-化学原料方向,联合利华,供应链,上海,99,99.5,100,4,3,采集 优先 收集 英语水平 全勤 excel ppt3 天者 市场动态 逻辑思维 化学品 数据 暑假 开学 熟练 办公 供应商 每周 任职 职责,2018/6/13,1,0,0,0,0,0
市场研究数据分析实习生,观山科技,市场,上海,120,135,150,3,14,项目经理 统计学 本科 数据 协助 数据挖掘 SAS SPSS 以上学历 留用 毫无保留 三年级 事业心 统计分析 数据分析 分析 钻研 以上 管理工作 责任感,2018/12/31,1,0,0,0,1,1
数据分析/Data Analyst Intern,Sandalwood Advisors,金融,长沙,200,300,400,5,4,数据源 数达 团队 工作 客户 000 职位 公司 咨询 数据分析 能力 数据 优厚 毕业 薪酬 全球化 招聘 跟进 待遇 转正,2020/1/1,0,0,0,0,0,0
体育产业数据分析实习生,腾讯体育,分析/调研,北京,100,112.5,125,5,7,体育 营销 体育赛事 收集整理 数据分析 相关 商业化 数据处理 腾讯 各大 产业 信息 全球 分析,2018/6/8,1,0,0,0,0,0
数据分析实习生J10989,便利蜂,其他类型,北京,150,175,200,3,5,数据 能力 建模 逻辑思维 数据分析 分析 提取 优先 挖掘 深度 数据源 用户 数据挖掘 具备 工具 组合分析 hive SQL excel PPT,2018/6/11,1,1,0,0,0,0
金融大数据分析实习生,海说科技,分析师,成都,30,40,50,5,21,挖掘 证券市场 会计专业 985 211 Excel 熟练掌握 金融信息 上市公司 财务报告 金融学 敏感度 图谱 关键词 极强 因子 技能 高校 解读 职责,2018/12/31,0,0,1,0,0,0
数据分析及研究实习生,钛媒体,运营,北京,100,125,150,5,8,数据 新闻 可视化 技能 相关 认真细致 要求者 专业 强迫症 好加分 岗位职责 爆棚 选题 尤佳 简报 文稿 搜罗 好奇心 责任感 研究,2018/11/30,1,0,0,0,0,0
数据分析【实习生】,前程无忧,云计算/大数据,上海,113,113.5,114,3,10,数据 计算机专业 工作 2018 12 Python Pandas 2019 新表 出勤 静安区 至少 爬虫 内容 正则表达式 数据分析 统计学 使用 定时 熟练,2018/6/30,1,0,0,1,0,0
市场推广数据分析实习生,网易,市场,北京,80,90,100,4,9,红彩 网易 竞彩 工作室 对接 工作 实习生 数据报表 数据服务 每日 十号 office APP 购彩 咖和 软件园 渠道商 百位 海淀区 数据分析,2018/7/1,1,0,0,0,0,0
数据分析师(001372),途家网,产品运营,北京,350,425,500,5,3,数据挖掘 数据分析 能力 分析 sql 数据 业务 模型 熟悉 具有 报告 需求 优先 软件 项目 挖掘 决策 分析模型 专业本科 OTA,2020/12/31,1,1,0,0,0,1
数据分析师(001372),途家网,产品运营,西安,350,425,500,5,3,数据挖掘 数据分析 能力 分析 sql 数据 业务 模型 熟悉 具有 报告 需求 优先 软件 项目 挖掘 决策 分析模型 专业本科 OTA,2020/12/31,0,1,0,0,0,1
数据分析师(001372),途家网,产品运营,厦门,350,425,500,5,3,数据挖掘 数据分析 能力 分析 sql 数据 业务 模型 熟悉 具有 报告 需求 优先 软件 项目 挖掘 决策 分析模型 专业本科 OTA,2020/12/31,0,1,0,0,0,1
数据分析师(001372),途家网,产品运营,上海,350,425,500,5,3,数据挖掘 数据分析 能力 分析 sql 数据 业务 模型 熟悉 具有 报告 需求 优先 软件 项目 挖掘 决策 分析模型 专业本科 OTA,2020/12/31,1,1,0,0,0,1
实习生（数据分析部）,赛惟咨询,咨询,广州,120,125,130,4,6,数据 协助 天到 信息工程 MS Office Excel Power Point 岗位职责 资料 辅助性 诚实 稳重 统计学 时间段 数据库 正直 本科 熟练,2018/12/31,1,0,1,0,0,1
2019暑期实习-数据分析助理,融360,分析/调研,北京,150,165,180,5,3,协助 效率 业务 数据 实习 分析师 能力 数据报表 sql 岗位职责 抗压 暑期 理工科 积极进取 了解 数据分析 缜密 本科 跟进 预警,2018/7/1,1,1,0,0,0,1
网络运营&数据分析&EDM,随办app,分析/调研,上海,100,150,200,3,15,文案 内容 创意 功能 办公 策划 撰写 职位 优先 能力 互联网 描述 文章 热点 移动 汉语言 短句 媒体 APP 吃货,2018/6/21,1,0,0,0,0,0
数据分析专员（实习生）,元扈保险咨询,数据挖掘,上海,100,100.5,101,4,8,报表 优先 分析 提供 数据报表 数据挖掘 指标 岗位职责 提供数据 以上学历 全日制 应届 支持 相关联 数据分析 相关 工作效率 分析方法 本科 追踪,2018/12/1,1,0,0,0,0,1
Python开发（数据分析）工程师,多贝,软件,北京,199,224,249,5,3,热爱 数据模型 熟悉 Python Pandas Numpy Java script 商业价值 功底 编程 分析 数据 检索 算法 扎实 每周 职位 任职 清理,2018/6/30,1,0,0,1,0,0
数据分析-用户运营实习生,萌牙,用户研究,宁波,120,150,180,5,9,萌牙 用户 我们 学习 优先 成长 员工 团队 运营 艰苦奋斗 数据分析 数据 活动 健康 价值观 方案 每个 信念 口腔 工作,2018/6/4,0,0,0,0,0,0
实习生（数据分析方向）,职业蛙,数据挖掘,上海,100,112.5,125,3,3,数据 实习 分析 协助 整理 统招 Excel Powerpoint 2019 分析师 暑期 认真负责 留用 全日制 应届 业务 海量 表现出色 数据处理 临时性,2018/6/14,1,0,1,0,0,0
产品运营与数据分析实习生,阳狮媒体,产品运营,北京,80,90,100,4,12,VivaKi 能力 个案研究 略懂 DMP Insight 研一 研二 课业负担 学习 良好 吃苦耐劳 大四 肯干 参与 逻辑思维 项目管理 数据分析 领悟 标签,2019/4/22,1,0,0,0,0,0
产品运营与数据分析实习生,阳狮媒体,产品运营,北京,80,90,100,4,3,VivaKi 实习 工作 能力 个案研究 略懂 DMP Insight 研一 研二 饭补及 课业负担 学习 超时 良好 吃苦耐劳 大四 肯干 参与 逻辑思维,2018/6/5,1,0,0,0,0,0
数据分析师（social analyst）,Admaster,分析/调研,上海,100,100.5,101,5,4,薪资 监测数据 广告 网络广告 入职 ASAP bonus 13 leader 听说读写 PPT EXCEL 岗位职责 精神 全职 行业动态 表达能力 以上学历 客户关系 服务,2018/6/14,1,0,0,0,0,0
数据分析师（track analyst）,Admaster,分析/调研,上海,100,100.5,101,5,4,薪资 监测数据 广告 网络广告 入职 ASAP bonus 13 leader 听说读写 PPT EXCEL 岗位职责 精神 全职 行业动态 表达能力 以上学历 客户关系 服务,2018/6/14,1,0,0,0,0,0
数据分析与实施方向实习生,德国电信国际咨询,云计算/大数据,北京,120,128,136,4,3,Python Django SQL Server python pandas sklearn good those who 优先 经验 开发 了解 跨文化 JOB description Skilled plusFamiliar Baidu,2018/6/4,1,1,0,1,0,0
数据分析兼协助运作专员助理,德国西克传感器,数据库,上海,140,145,150,3,9,服务 协助 日常 读写能力 工作 本科学历 Excel SQL server CET4 office 抗压 长期有效 任务 处理 服务部 投递 支持 数据分析 积极主动,2018/6/18,1,1,1,0,0,1
数据分析实习生（业务）,知道创宇,助理,成都,80,100,120,5,4,分析 Excel 数据 协助 数据分析 能力 逻辑 数据报表 使用 各项 条理性 认真细致 数据挖掘 制作 信管 具较 EXCEL 岗位职责 提供数据 良好,2018/6/11,0,0,1,0,0,0
产品实习生（数据分析）,海尔,分析/调研,广州,99,99.5,100,4,16,岗位 2019 渴望 实习 快速 毕业生 能力 调研 数据 事物 总结 毕业 具备 电商 针对 Windows Office 产品部 提供数据 本次,2018/6/13,1,0,0,0,0,0
电信运营商数据分析实习生,亚信数据,用户研究,武汉,120,135,150,5,7,分析 工作 专题研究 项目经理 交办 完成 数据处理 运营商 电信 发送 撰写 通报 职责 其它 市场 制作 热点 指导 每日 经营,2018/6/30,0,0,0,0,0,0
安泰上海-数据分析实习生,可汗招聘,分析/调研,上海,100,125,150,3,3,医学类 入职 邀约 读写 简历 统计学 可汗 面试 筛选 招聘 职位 擅长 清理 英语 软件 尽快 一周 专业 健康 至少,2018/6/28,1,0,0,0,0,0
Auto汽车组数据分析实习生,尼尔森,咨询,北京,99,100,101,5,3,实习 协助 咨询 能力 氛围 锻炼 英语 项目 分析 认真细致 邮件系统 工作 读研 实习期 vlookup 入职 听说读写 Excel PPT 初可入,2018/6/6,1,0,1,0,0,0
数据分析（social/tack）,Admaster,分析/调研,广州,100,110,120,5,3,监测数据 广告 网络广告 2018 入职 ASAP bonus 13 leader 听说读写 PPT EXCEL 岗位职责 精神 全职 行业动态 表达能力 以上学历 客户关系 服务,2018/6/10,1,0,0,0,0,0
网页制作与数据分析实习生,德国电信国际咨询,前端,北京,117,132,147,4,3,优先 Python Django SQL Server python pandas sklearn good those who 经验 开发 了解 跨文化 JOB description Skilled plusFamiliar Baidu,2018/6/5,1,1,0,1,0,0
国际部数据分析师实习生,摩拜,云计算/大数据,北京,120,135,150,4,5,data operational 优化 SOP SQL Python Excel Tableau our experimentation communicate English skills work full 运营 数据 流程 每周 分析,2018/6/24,1,1,1,1,0,0
销售培训项目管理和数据分析,施耐德电气,数据挖掘,北京,100,120,140,3,3,销售 能力 学习 沟通 项目管理 学院 准确性 实习 保证 信息 支持 培训 要求 推广 保证数据 工作 跨文化 learning service 入职,2018/6/24,1,0,0,0,0,0
区块链项目数据分析实习生,TokenInsight,金融,北京,120,135,150,5,3,区块 项目 调研 跟踪 实习 经验 工作 撰写 英文 优先 能力 分析 团队 阅读写作 专业 链有 211 985 理工类 行研,2018/6/8,1,0,0,0,0,0
数据分析师实习生J10106,TalkingData,其他类型,北京,150,175,200,4,6,协助 工作 优先 数据 行业 敬业精神 其他 专业 具备 Office Excel PPT SQL Python 优秀者 商业 在校生 辅助性 敏感度 功底,2018/6/4,1,1,1,1,0,0
Data Analytics Intern 数据分析实习生,阳狮媒体,广告,上海,79,79.5,80,3,5,data related Statistics Econometrics modeling tools analysis Responsibilities Duties Work projects subjects covering Applied Machine Learning Database Management Natural Language,2018/6/4,1,0,0,0,0,0
助理数据分析师（西安）,佰聆数据,数据挖掘,西安,100,125,150,5,3,数据分析 优先 协助 数据报表 相关 数据 分析师 建模 实践经验 工具 良好 工作 报告 项目 编制 驻点 专业 具备 Greenplum Oracle,2018/6/20,0,0,0,0,0,0
助理数据分析师（天津）,佰聆数据,数据挖掘,天津,100,125,150,5,3,数据分析 优先 协助 数据报表 相关 数据 分析师 建模 实践经验 工具 良好 工作 报告 项目 编制 驻点 专业 具备 Greenplum Oracle,2018/6/20,0,0,0,0,0,0
网络数据分析师（初级）,图标通信,通信,西安,100,110,120,5,3,产品 应届生 找到 以上学历 大专 数据 如何 追踪 亦可 工程师 任职 衡量 驱动 决策 优秀 改进 专业 指标 寻找 经理,2018/7/31,0,0,0,0,0,0
大数据分析/挖掘实习生,精点数据,云计算/大数据,广州,100,150,200,4,3,数据挖掘 BI 数据分析 研一 研二 为佳 多维分析 大四 大三 相关 数据 钻研 以上 志愿 本科 实习 每周 职位 全天 通讯,2018/7/31,1,0,0,0,0,1
人力资源-数据分析实习生,京东物流,人力资源,北京,100,110,120,5,15,数据 专业 985 211 研一及 研二 Excel PPT Office 出勤 专题报告 大二 资源管理 大三 敏感度 要求 汇总 熟练 人力资源 高校,2018/6/10,1,0,1,0,0,0
数据分析师(实习生),西山居,软件,大连,100,125,150,3,4,游戏 数据分析 数据 负责 热爱 严谨 分析 运营 数据挖掘 整理 Excel SPSS SQL 2018 情报信息 提供数据 经历 熟练掌握 数理统计 逻辑思维,2018/12/31,0,1,1,0,1,0
数据分析师（实习生）,纳恩博,数据挖掘,北京,120,150,180,5,8,BI 负责 能力 数据 业务 管理 解决方案 需求 用户 项目管理 文档 数据分析 推动 相关 管理层 数据报表 评估 决策 工作 依据,2018/10/6,1,0,0,0,0,0
程序化购买数据分析实习生,群邑,广告,北京,80,80.5,81,3,3,程序化 广告 群邑 机会 购买 媒介 营销 PBU 代理 团队 数据分析 接触 数据 平台 专业 旗下 要求 客户 公司 策略,2018/12/31,1,0,0,0,0,0
实习工程师岗位（JAVA开发、数据开发、数据分析挖掘方向),东方国信,软件,广州,115,157.5,200,5,12,java 开发 数据库 熟悉 SQL 方向 岗位 软件 数据挖掘 开发技术 自行解决 实习期 及大 满视 Oracle Hive My sql Server CLEMENTINE,2018/6/20,1,1,0,0,0,0
数据分析实习生（18届）,博彦科技,校对/排版,北京,120,130,140,5,3,图像 使用 工具 基本操作 美图秀 PS 岗位职责 理解能力 进行 校准 责任心 人脸 技术支持 标注 汇总 筛选 工作 点位 识别 优先,2018/6/15,1,0,0,0,0,0
市场数据分析及样机管理实习生,联想,金融,北京,100,125,150,4,3,product PPT 工作 数据 运营 产品 整理 operation manager our Excel 职位 注意 样机 呈现 在校 实习 经理 熟练 筛选,2018/6/15,1,0,1,0,0,0
数据分析实习生-供应链方向,亚马逊中国,供应链,北京,149,149.5,150,4,7,team planning business will other 专业 Amazon Supply Chain warehouse mid term process communication capacity per qualifications supply chain Strong,2018/6/8,1,0,0,0,0,0
助理数据分析师（实习生）,清科集团,分析师,海口,120,135,150,5,5,EXCEL 数据 函数 运用 VBA 负责 统计 以上学历 经济 数理统计 敏感度 相关 适应能力 数据库 汇总 本科 批量 熟练 踏实 感兴趣,2018/6/12,0,0,0,0,0,1
供应链及财务数据分析实习生,艺康,分析/调研,上海,130,140,150,3,3,艺康 SQL 40 Help data 集团 食品安全 服务 全球 员工 能源 500 强艺康 纽交所 ECL 2017 140 48 000 170,2018/6/27,1,1,0,0,0,0
商业数据分析实习生 - BSA Intern,奕欧来,不限,上海,139,139.5,140,3,10,business Shanghai Intern working data processing 实习生 欧来 Yioulai looking roles responsibilities below Company address Building No.88 East Shendi Road,2018/6/7,1,0,0,0,0,0
助理数据分析实习生（南京）,佰聆数据,数据挖掘,南京,100,107.5,115,5,3,协助 分析师 建模 数据分析 数据 本科 良好 工作 能力 项目 分析 相关 数据报表 驻点 专业 具备 工具 SAS Python 岗位职责,2018/6/29,0,0,0,1,0,1
Equity Data Analyst/ 股票数据分析员,晨星资讯,金融,深圳,100,125,150,5,3,data process 流程 collection system market work quality 数据 timely equity Statement issues methodology technical department related project management above,2018/10/31,1,0,0,0,0,0
美国道富-数据分析实习生,Manpower,分析师,杭州,180,205,230,3,4,Experience data work development experience skills software design programming etc working Data modeling large SQL Strong full stack including testing,2018/6/18,0,1,0,0,0,0
商务实习生（数据分析方向）,锐捷网络,商务,北京,120,130,140,4,10,数据报表 敬业精神 客户 女士优先 岗位职责 以上学历 大专 细心 岗位 商务 日常 团队 沟通 事务 跟踪 信用 意识 合作 处理 相关,2018/6/12,1,0,0,0,0,0
运营实习生（数据分析方向）,去哪儿,运营,北京,120,135,150,4,6,SQL 数据 工作 活动 团队 实习期 must excel 勤奋好学 以上学历 逻辑思维 完成 分析 相关 开朗 统计学 本科 实习 细心 精通,2018/7/31,1,1,0,0,0,1
法雷奥-QA（偏数据分析）,Manpower,质量,上海,130,145,160,3,6,报表 英语口语 整合 excel2 周度 word excel ppt Excel 中宏 岗位职责 出勤 认真负责 数据库 实习 直系 精通 外国人 月度 任职,2018/6/22,1,0,1,0,0,0
未来之星-集团大数据分析实习生,阳光保险集团,云计算/大数据,北京,120,135,150,5,3,数据分析 数据挖掘 业务 建模 分析 学历 构建 调研 模型 工作 专业 985 211 SAS SPSS SQL Excel hadoop hive 数据仓库,2018/6/4,1,1,1,0,1,0
数据分析实习生(杭州HM),滴滴出行,运营,杭州,150,175,200,5,3,优先 数据 Excel 2019 经验 业务 数据报表 熟悉 痛点 计算机相关 SQL Hive Python 岗位职责 表达能力 熟练掌握 建模 理工科 独立思考 逻辑思维,2018/6/27,0,1,1,1,0,0
数据分析师岗位（实习生）,百融金服,数据挖掘,北京,100,150,200,5,9,建模 模型 客户 SAS 数据分析 数据 沟通 清晰 回归 风控 客群 Python sql 聚类 985 211 岗位职责 特征 尤佳 金融,2018/6/30,1,1,0,1,0,0
售后数据分析助理（实习生）,爱奇艺,客户服务,北京,100,110,120,5,20,能力 优先 售后 沟通 较强 电商 爱奇艺 2019 Excel 负责 抗压 疑难问题 归类 敏感度 数据分析 积极主动 保持 分析 数据 数据处理,2018/6/21,1,0,1,0,0,0
数据分析实习生（2019届）,艾漫数据,分析/调研,北京,120,135,150,5,15,数据分析 市场调研 优先 分析 调研 数据挖掘 熟悉 研究 专业 office ppt 岗位职责 沟通交流 影视文化 大学本科 需求方 熟练掌握 以上学历 方向 数理统计,2019/6/2,1,0,0,0,0,1
数据分析师（商业智能方向）,Sandalwood Advisors,金融,长沙,200,300,400,5,4,工作 数据源 数据 数达 团队 公司 BI 000 2018 SQL 职位 应届 咨询 优厚 毕业 应聘 客户 薪酬 全球化 招聘,2020/1/1,0,1,0,0,0,0
数据分析实习生（用户运营）,魔急便,产品运营,杭州,100,125,150,5,8,用户 GM 业务 协助 零售 运营 数据分析 滴滴 我们 优先 相关 互联网 团队 模型 啸虎 独角兽 转化 捕手 可验证 加持,2018/6/8,0,0,0,0,0,0
数据分析实习生（2019校园）,游族网络,分析/调研,上海,160,220,280,5,3,用户 市场推广 行为 软件 专业 为线 office 商业智能 2019 校招 官网 岗位职责 详情请 以上学历 信息管理 责任心 海量 数据分析 分析 分项,2020/12/31,1,0,0,0,0,0
运营实习生（数据分析方向）,去哪儿,运营,北京,120,135,150,4,6,SQL 数据 工作 活动 团队 实习期 must excel 勤奋好学 以上学历 逻辑思维 完成 分析 相关 开朗 统计学 本科 实习 细心 精通,2018/7/31,1,1,0,0,0,1
部门助理实习生（数据分析）,FESCO,助理,上海,100,110,120,3,6,data analysis JOB PURPOSESupport management coordinate process Deliver reports regularly Job requirementsFamiliar tools excel access etcStrong computer skillEnglish capability TOEIC,2018/7/31,1,0,0,0,0,0
数据分析-海归（2018校园）,游族网络,分析/调研,上海,160,220,280,5,3,用户 市场推广 行为 软件 专业 为线 office 商业智能 岗位职责 以上学历 信息管理 责任心 海量 数据分析 分析 分项 统计学 本科 熟练 细心,2020/12/31,1,0,0,0,0,1
数据分析师（商品管理储备）,太平鸟童装,市场,宁波,120,135,150,5,6,货品 库存 店铺 分析 进销存 滞销货 降低库存 确保 过季 当季 清货 WORD EXCEL POWERPIONT 产销率 以上学历 信息管理 销售 服装设计 结构合理,2018/7/1,0,0,0,0,0,0
数据分析师实习生（2018春招）,FusionICO,分析/调研,广州,150,155,160,5,3,data information 区块 research training 带薪 Job knowledge about blockchain English skills Optional 优先 数据分析 培训 提供 优秀 analytics strategies,2018/7/1,1,0,0,0,0,0
数据分析实习生（品类规划部）,唯品会,数据挖掘,广州,100,125,150,4,3,信科 Excel SQL 全日制 责任心 积极主动 缜密 在校 本科 熟练 基础性 研究生 促销 岗位 每周 情报 职责 大学生 优先 工作日,2018/7/1,1,1,1,0,0,1
广告投放顾问实习生（数据分析）,萌牙,分析/调研,宁波,120,150,180,5,9,萌牙 学习 我们 广告投放 优先 数据分析 成长 不断 广告 员工 团队 艰苦奋斗 健康 价值观 每个 信念 反思 口腔 工作 用人,2018/6/15,0,0,0,0,0,0
数据分析员――项目测评事业部,亿翰股份,分析师,上海,100,110,120,3,4,总监 研究 能力 项目 要求 工作 专业 理工类 收集整理 房地产 以上学历 尤佳 数据资料 交办 逻辑思维 报告 敏感度 领悟 工作岗位 坚韧,2018/9/30,1,0,0,0,0,0
推广与数据分析专员（应届生）,青木科技,运营,广州,80,90,100,5,17,推广 熟练 excel 运营 优化 数据分析 工具 店铺 电商 钻展 效果 直通车 以上学历 理工科 切实可行 敏感度 京东 分析 提出 本科,2018/6/13,1,0,0,0,0,1
商业调查实习生（数据分析方向）,SZHC,分析/调研,深圳,148,174,200,5,3,工作 调查 收集 分析 相关 信息 搜索 团队 人际沟通 Key objectives Duties responsibilities1 RA SA POS 风控 RequirementsEducation Experience1 Knowledge1,2018/6/9,1,0,0,0,0,0
数据分析实习生（整合营销部）,唯品会,分析/调研,广州,120,150,180,4,5,APP 数据分析 用户 sql 优先 运营 结果 能力 数据 团队 路径分析 产品 熟悉 痛点 Excel SQL oracle my server hadoop,2018/6/23,1,1,1,0,0,0
大数据分析与挖掘助理工程师实习生,云之家,软件,深圳,100,110,120,5,4,SQL Linux 数据 优先 能力 数据挖掘 熟悉 实习期 2019 100 120 19 统招 计科 Python shell Hadoop No 岗位职责 良好,2018/6/27,1,1,0,1,0,0
人力资源实习生（数据分析方向）,新东方,人力资源,北京,100,110,120,4,12,优异者 薪资 工作 人力资源 数据挖掘 应届生 Excel ACCESS SQL 120 寒暑假 以上学历 语言表达 新东方 在读 责任心 数据分析 能力 分析 统计学,2018/6/30,1,1,1,0,0,0
软件工程师实习生（数据分析方向）,清华四川能源互联网研究院,算法,成都,100,125,150,4,6,算法 充电 数据分析 设施 预测 能力 相关 机器 matlab Python 规划 岗位职责 学习 电气工程 设计 开发者 以上学历 参与 逻辑思维 责任心,2018/8/31,0,0,0,1,0,0
销售运营实习生（数据分析方向）,哔哩哔哩,运营,上海,100,110,120,5,8,勤恳 维度 业务 统计分析 敏感度 数据 代理商 报表 踏实 工作 感兴趣 按时 限于 上级 承受 输出 沟通 运营 优秀 渠道,2018/6/21,1,0,0,0,0,0
数据分析员实习生（应届生）,春秋航,算法,上海,100,150,200,5,3,2018 2019 岗位职责 大学本科 以上学历 运筹学 业务部门 数据 行业 理工 毅力 钻研 统计学 搜集 任职 给出 评估 资格 兴趣 数学,2020/12/31,1,0,0,0,0,1
（2019届实习生）数据分析师,虎牙信息,软件,广州,180,230,280,3,3,直播 2019 工作 能力 参与 优先 分析 数据报表 数据挖掘 熟悉 计算机操作 网络 office offer 岗位职责 虎牙 优秀者 统计 信息科学 认真负责,2020/12/31,1,0,0,0,0,0
数据分析实习生（2018校园招）,游族网络,分析/调研,上海,160,220,280,5,4,用户 市场推广 行为 软件 专业 为线 office 商业智能 以上学历 信息管理 责任心 海量 数据分析 分析 分项 统计学 本科 熟练 细心 踏实,2018/6/21,1,0,0,0,0,1
数据分析实习生（2018校园招聘）,游族网络,分析/调研,上海,400,450,500,5,3,用户 市场推广 行为 软件 专业 为线 2018 office 商业智能 岗位职责 以上学历 信息管理 应届 责任心 海量 数据分析 分析 分项 统计学 本科,2020/12/31,1,0,0,0,0,1
数据分析/运营方向-PM实习生,百度,用户研究,北京,140,155,170,5,3,数据分析 数据挖掘 实习 运营 根据 认真细致 工作 专业 badcase 执行力 日志 数理统计 逻辑思维 在读 能力 数据 产品 统计学 本科 对接,2018/12/31,1,0,0,0,0,1
销售数据分析实习生(非销售岗),Aspen 爱施健,医药,上海,100,125,150,3,12,销售 实习 供应商 优先 收集 数据 协助 团队 要求 各类 整理 维护 文科生 MS Office Outlook Excel vlookup 研一 研二,2018/7/31,1,0,1,0,0,0
数据分析（PC/APP端）实习生,魔方元科技,分析/调研,上海,100,125,150,5,3,数据分析 PC APP 数据 分析 负责 熟练 报表 撰写 公司 运营 应届生 专业 维护 具备 EXCEL 表等 岗位职责 建模 以上学历,2018/6/30,1,0,0,0,0,0
运营实习生（视频监控 数据分析）,51talk,商务,北京,120,135,150,3,3,QA excel PPT 认真负责 责任心 数据分析 熟练 监控 汇报 敏感 定期 数字 整理 工具 内容 数据 要求 使用 形成 工作,2018/6/29,1,0,0,0,0,0
数据分析助理实习生（非技术岗）,simplyBrand,咨询,上海,100,110,120,4,3,每周 数据 南京东路 100 120 想往 PowerPoint Excel 出勤 处理 降噪 本科生 大专 步行街 黄浦区 在读 标签 以上 熟练 坐标,2018/12/31,1,0,1,0,0,1
商业解决方案实习生（数据分析方向）,特斯拉Tesla Motors,分析师,北京,100,110,120,5,6,读写能力 要求 工作 Excel least days attendance per week 抗压 会议纪要 数据分析 能动性 相关 数据 娴熟 学士学位 解决方案 精通 中文,2018/6/9,1,0,1,0,0,0
内控实习生（审计及数据分析方向）,安诺久通,财会,上海,100,110,120,5,3,service Company Arval Jiutong vehicle leasing management business operational Limited full Shanghai Assessment fuel mileage risks Permanent Control Compliance both,2018/6/14,1,0,0,0,0,0
数据分析实习生-杭州 (MJ000868),挖财,分析/调研,杭州,150,175,200,5,8,挖掘 较强 my sql SQL 全职 以上学历 数理统计 逻辑思维 判断能力 加工能力 功底 分析 数据 数据库 本科 具有 信息技术 搜集 高水平,2018/6/24,0,1,0,0,0,1
Intern  Product Data Analysis 产品数据分析实习生,沃尔沃集团,销售支持,上海,120,122.5,125,3,8,analysis support data system maintenance team Good Job Summary Assistant Product related business such warranty reimbursement etc Assist technical do,2018/12/31,1,0,0,0,0,0
数据分析师实习生-上海 (MJ000770),挖财,金融,上海,150,200,250,5,13,业务 数据 分析 逻辑 需求 能力 思维 相关 挖掘 人际沟通 用户 产品化 数据挖掘 回归 常用 具备 点及 SQL EXCEL PPT,2018/6/21,1,1,0,0,0,0
海外SEM推广实习生（数据分析 广告投放）,棒谷网络,推广,广州,100,150,200,5,9,广告 关键词 Facebook Google 广告投放 投放 帐户 adwords 数据分析 分析 效果 监控 评估 优化 推广 电商 转换率 网络广告 Adwords 英语六级,2018/6/16,1,0,0,0,0,0
威胁情报和数据分析研究员实习生（西安）,绿盟科技,数据挖掘,西安,100,125,150,5,11,信息安全 了解 熟悉 分析 数据 平台 情报 收集 威胁 java python 种大 岗位职责 编程语言 安全 处理 网络安全 文档 数据分析 能力,2018/6/15,0,0,0,1,0,0
【2018应届】财务数据分析管培生B0001（北京）,施耐德电气,财会,北京,100,120,140,5,3,positions management different BOE candidates team Good Responsibilities Candidates need work including function business process improvement digitization master data Finance,2018/6/14,1,0,0,0,0,0
（实习）运营实习生（数据分析）--品质出行,滴滴出行,运营,北京,150,175,200,4,3,数据 业务 分析 岗位职责 日常 豪华车 负责 跟进 部门 支持 监控 挖掘 善于 数据报表 产品化 痛点 整理 企业级 针对 异常,2020/12/31,1,0,0,0,0,0
（实习）运营实习生（数据分析）--品质出行,滴滴出行,运营,杭州,150,175,200,4,3,数据 业务 分析 岗位职责 日常 豪华车 负责 跟进 部门 支持 监控 挖掘 善于 数据报表 产品化 痛点 整理 企业级 针对 异常,2020/12/31,0,0,0,0,0,0
数据分析研究员（北京-实习-创新中心）J10859,绿盟科技,其他类型,北京,100,140,180,4,4,信息安全 了解 熟悉 分析 数据 平台 情报 优先 收集 威胁 java python 种大 编程语言 安全 知识面 领域 处理 网络安全 考虑,2018/6/30,1,0,0,1,0,0
百度 智能云 金融科技-数据分析/挖掘/机器学习（实习）工程师,百度,数据挖掘,北京,150,225,300,4,4,熟练掌握 金融 优先 相关 模型 数据挖掘 热爱 OCR 人脸识别 学习 识别 互联网 征信 机器 数学 能力 欺诈 实习 科技 算法,2018/6/29,1,0,0,0,0,0
数据调研分析,长江众创,数据库,上海,100,125,150,3,4,数据库 数据 工作 清洗 能力 调研 架构师 对大 Python 岗位职责 学习 条理清晰 统计 理解能力 项目经理 建模 以上学历 运筹学 责任心 文档,2018/6/6,1,0,0,1,0,0
数据统计分析,科域生物,不限,长沙,100,150,200,3,6,00 30 统计学 31 12 优先 下午 熟练 统计 跟进 岗位 实习生 相关 医学 双休 认真仔细 熟悉 岗位培训 上午 研一,2019/3/8,0,0,0,0,0,0
数据建模分析师,百分点,数据挖掘,上海,200,250,300,5,6,经验 优先 学习 数据 建模 工作 模型 数学 数据分析 专业 顶级 分析 深度 数据挖掘 熟悉 计算机相关 SQL SAS Spark 岗位职责,2018/6/24,1,1,0,0,0,0
数据挖掘分析师,盛大游戏,其他类型, 上海,130,140,150,4,5,数据挖掘 学习 算法 机器 场景 游戏 用户 模型 能力 数据 负责 应用 编写 分析 挖掘 深度 优化 熟悉 工作 对大,2018/7/31,1,0,0,0,0,0
数据统计分析实习生,珀金埃尔默,分析/调研,上海,124,134.5,145,3,4,排版 负责 市场 英文 基础 沟通 仔细认真 文字 维护 一些 APP EXCEL 校对 项目 上传 数据 需要 工作 反馈 跟进,2018/7/31,1,0,0,0,0,0
数据运营分析实习生,广汇汽车,运营,上海,100,110,120,3,4,导出 bi 制作 事业部 数据 硕士 本科 实习 双休 更新 认真细致 通用 标图 KPI excel vp MS Office Excel PowerPoint,2018/6/24,1,0,1,0,0,1
数据统计分析实习生,海天瑞声,数据库,北京,150,175,200,3,5,优先 产品库 评估 要求 卷面 基本素质 ASR 专业本科 硕士生 质量 经历 统计 转写 项目经理 数据中心 项目管理 笔试 调理 统计学 整洁,2018/6/8,1,0,0,0,0,1
数据库录入与分析,声讯科技,数据库,杭州,120,135,150,5,12,薪资 数据库 实习 岗位 转正 能力 项目 双休 计算机专业 享受 意识 带薪 试用期 3k 五险 一金 协议 另议 抗压 吃苦耐劳,2018/12/31,0,0,0,0,0,0
数据处理和分析实习生,药明康德,软件,上海,110,115,120,3,4,爬虫 安全 实习 SQL 计算机相关 前端开发 岗位职责 编写程序 暑期 日志 安全事件 统计分析 项目 分析 基线 数据 网页 数据处理 细心 扫描,2018/6/12,1,1,0,0,0,0
教育数据测量与分析实习生,好专业,数据挖掘,北京,120,160,200,5,3,教育 测量 中考 数据分析 工具 高考 工作 善于 技术 团队 理念 专业 211 Excel SAS SPSS Python Matlab Powerpoint Keynote,2018/6/12,1,0,1,1,1,0
数据运营分析专员(应届毕业生),58安居客,运营,惠州,200,237.5,275,5,3,运营 销售 城市 城市管理者 沟通 数据 制定 解决方案 执行 辅助 各项 客户 保障 及本 聚类 问题 岗位职责 方案 提供数据 既定目标,2018/6/22,0,0,0,0,0,0
管理培训生(数据与流程分析方向),棒谷科技,分析师,广州,300,400,500,5,8,需求 培训 能力 带薪 分析 文档 工具 跟进 流程 业务 组织 后续 拓展 环节 财务 落实 用户 操作手册 全勤奖 创新奖,2018/6/7,1,0,0,0,0,0
管理培训生（业务分析―数据洞察）,贝塔斯曼,产品,上海,120,120.5,121,5,3,能力 Excel PPT 欧唯特 抗压 责任心 具备 品牌 流程 撰写 级别 项目 模范生 较强 专业 行为习惯 客户 SQL 多任务处理 CRM,2018/6/30,1,1,1,0,0,0
咨询顾问/需求分析（金融业务/数据方向）,安硕信息,咨询/顾问,苏州,120,135,150,5,3,能力 数据挖掘 业务知识 OFFICE PPT 抗压 统计 良好 熟练掌握 以上学历 金融 文案 数据分析 功底 计算机技术 信息系统 本科 出差 具有 协作,2018/6/30,0,0,0,0,0,1
咨询顾问/需求分析实习（金融业务、数据方向）,安硕信息,咨询/顾问,上海,150,165,180,5,3,能力 数据挖掘 业务知识 OFFICE PPT 抗压 统计 良好 熟练掌握 以上学历 金融 文案 数据分析 功底 计算机技术 信息系统 本科 出差 具有 协作,2018/7/1,1,0,0,0,0,1
